YT_Video_ID,file_name,start_time,end_time,label,transcript
UCPIBQDI0QM,AN_WILTY_EP15_truth1,126,131,truth,most of the time i'd get the answer before the clock started.
UCPIBQDI0QM,AN_WILTY_EP15_truth2,145,152,truth,"i used to do, i used to get my pen that i would write on the board with and i used to go round all the props."
UCPIBQDI0QM,AN_WILTY_EP15_truth3,350,355,truth,i used to run a market stall that only sold hats for d***.
UCPIBQDI0QM,AN_WILTY_EP15_lie4,423,426,deception,"no, you don't crush it. no, well, i mean, this was the 60s, you didn't want..."
UCPIBQDI0QM,AN_WILTY_EP15_lie5,452,456,deception,"yeah, the main item then in the 60s, for some strange reason, in..."
UCPIBQDI0QM,AN_WILTY_EP15_truth6,538,544,truth,i didn't want to cut my hair out of greasy hair so i thought hang on i can't ask mum for like a hairnet so i'll just whack some...
UCPIBQDI0QM,AN_WILTY_EP15_truth7,588,591,truth,"the doctor said, in no way will that get..."
UCPIBQDI0QM,AN_WILTY_EP15_truth8,1024,1028,truth,when i was about seven. seven?
UCPIBQDI0QM,AN_WILTY_EP15_lie10,1097,1100,deception,i have two favourite castles in there because castles i discovered as a child.
UCPIBQDI0QM,AN_WILTY_EP15_lie11,1110,1113,deception,a swanzey and that's called oyster mouth.
UCPIBQDI0QM,AN_WILTY_EP15_lie12,1121,1125,deception,i think it's sort of late norman kind of castle with a keep.
UCPIBQDI0QM,AN_WILTY_EP15_lie13,1129,1133,deception,it's quite a sort of traditional old fashioned castle with a moat and...
UCPIBQDI0QM,AN_WILTY_EP15_lie14,1141,1147,deception,it has always been irritating to me that very few castles...
UCPIBQDI0QM,AN_WILTY_EP15_lie15,1162,1166,deception,my character is supposed to have spent years working in the bar.
UCPIBQDI0QM,AN_WILTY_EP15_lie16,1169,1174,deception,"it's not just a case of, you know, pull a pint. you've got to pull a pint and be talking to a customer."
UCPIBQDI0QM,AN_WILTY_EP15_lie17,1188,1193,deception,evidently eight years. i've only been there for a year and a half and it's just an induction thing.
UCPIBQDI0QM,AN_WILTY_EP15_lie18,1418,1422,deception,a culinary snobbishness that is...
UCPIBQDI0QM,AN_WILTY_EP15_lie19,1424,1427,deception,a fear of interacting with customers.
UCPIBQDI0QM,AN_WILTY_EP15_truth20,1526,1531,truth,i once picked up a hitchhiker and scared him so much he cried.
UCPIBQDI0QM,AN_WILTY_EP15_truth22,1544,1547,truth,"the thing that happened was we were driving along, he got in the car and he said..."
UCPIBQDI0QM,AN_WILTY_EP15_truth23,1574,1583,truth,
UCPIBQDI0QM,AN_WILTY_EP15_truth24,1588,1597,truth,i was walking past the front of the car with the engine. i looked at him like that and i just saw him go like that. he just wiped a small tear from his eye because i think he genuinely thought...
hhSNKJ_lcNU,AN_WILTY_EP16_lie1,124,127,deception,the d in my name stands for delicious.
hhSNKJ_lcNU,AN_WILTY_EP16_lie2,141,147,deception,there are a lot of black men my age around that time being given names like reginald and winston.
hhSNKJ_lcNU,AN_WILTY_EP16_lie3,162,166,deception,"that will enable him to be, you know, recognizable yet dignified to potentially..."
hhSNKJ_lcNU,AN_WILTY_EP16_lie5,181,185,deception,like the name delicious commands great respect in the gallery.
hhSNKJ_lcNU,AN_WILTY_EP16_lie6,191,195,deception,"you uh, you probably don't listen to much rap music, do you?"
hhSNKJ_lcNU,AN_WILTY_EP16_lie7,213,216,deception,original is a german name. it means mighty or wise.
hhSNKJ_lcNU,AN_WILTY_EP16_truth8,329,337,truth,i once guessed the exact number of sweets in a mini cooper and was awarded a prize by britain's top...
hhSNKJ_lcNU,AN_WILTY_EP16_truth10,364,369,truth,"i don't think they were real sweets, they were probably like fake big..."
hhSNKJ_lcNU,AN_WILTY_EP16_truth11,374,377,truth,it just looked too big for a man.
hhSNKJ_lcNU,AN_WILTY_EP16_truth12,531,538,truth,i was the first person in the world to breed the congolese frog hymenochiris curtopi.
hhSNKJ_lcNU,AN_WILTY_EP16_truth13,547,551,truth,they are the only frog i know that has a prehens...
hhSNKJ_lcNU,AN_WILTY_EP16_truth14,580,587,truth,"everybody else had kept them in tanks with an aerator, which bubbled away. and with the prehensile anus..."
hhSNKJ_lcNU,AN_WILTY_EP16_truth15,590,593,truth,if it's bubbly water they just sink down.
hhSNKJ_lcNU,AN_WILTY_EP16_truth16,957,966,truth,i was in a prog rock band called aragon and we recorded an album called...
hhSNKJ_lcNU,AN_WILTY_EP16_lie17,971,981,deception,this is gordon. he works in my local pet shop and recently sold me a hamster that died the very next day.
hhSNKJ_lcNU,AN_WILTY_EP16_lie18,1031,1034,deception,the godson of some friends of mine.
hhSNKJ_lcNU,AN_WILTY_EP16_lie19,1272,1276,deception,last year i was ordered to leave blackpool tower after i threw a sausage roll off the
hhSNKJ_lcNU,AN_WILTY_EP16_truth24,1437,1444,truth,more chips. a glass of orange squash. a sense of purpose.
hhSNKJ_lcNU,AN_WILTY_EP16_truth25,1515,1519,truth,that's a remarkable impression because it has the advantage of also sounding quite a lot like ken livingston.
hhSNKJ_lcNU,AN_WILTY_EP16_truth26,1559,1564,truth,i take it absolutely everywhere with me because i can't stand a co-
QbthTZVmNYk,AN_WILTY_EP17_truth2,8,484,truth,"cheering and applause tonight on would i lie to you, stand-up jimmy carr, word-up jerry christian and their team captain, lee mack. and facing them tonight, birmingham beauty, germania. on comic duty, marcus bridgestone. and their team captain, david mitchell. and here's your host, rob brydon. good evening and welcome to would i lie to you? the show that prides itself on being a liar's paradise. paradise according to scientists certain people are able to tell at a glance whether someone is lying or not they call these individuals women and very first lie was told by adam and eve when they denied eating the apple in the garden of eden the cost of eating the apple and existence of pain and mortality still slightly less than a waitrose pack of four organic pippins and so around one home truths where our panelists each read out a statement from the card in front of them to make things harder they've never seen the card before so they've no idea what they'll be faced with it's up to the opposing team to sift the fact from the fiction and jimmy your first up. all right is revealing prince philip told me i was a funny-looking fellow when i was a ball boy at wimbledon david's team what year was this? oh, i was about 12 or 13 about 84 maybe something like that ages ago how did you get into being a ball boy? how did i get into it? while i just psyched myself up. laughter from the attention boys today! i love it, man. how does the system of selecting ball boys work? i was in a tennis club in my local village. i used to play tennis and there was a lottery thing and you could go along and two people from every tennis club went along. i thought they were from schools around the wimbledon area. that's what i thought. where were you at school, jimmy? the wimbledon area. wow, he's really fast with this. you were lined up, all the ball boys and ball girls. yeah, it was after the women's final. everyone's lined up, hundreds of us. which final? who had played? years ago, it was the yvonne lendl kind of era. he's unlikely to make the women's final. who was prince philip there with? i think it was the duke and duchess of kent or something. i don't really know the royal for that well. well, that's the thing, it's usually the duke and duchess of kent that do all the wimbledon stuff, rather than prince philip, who's got more important sporting events to go and be racist at. i believe you're a bullfight wimbledon, but i just don't think prince philip often turns up to wimbledon. he does. he told me i was a fine-looking fellow when i was there. that's how i know that. do you have any concept of what particular aspect of your demeanour that he found funny-looking? i can answer this. we'll all have a go. we'll start with you. what's funny about my massive head? do you think you frightened the prince with your appearance? is that he was actually really freaked out? most likely, yes. do you know what? that joke works if you don't do that. you know what, i thought you could never look more like a ventriloquist dummy, do you think? you're taking long, you've gone back in the box, eh? right, david, what do you reckon? is he telling the truth? what do you think? it could be true because of his face, but... no, i don't think you're ugly, i just think... no, i'm sorry. i just think that you've got a very unique face. no one will ever forget you. how am i getting bullied by jamelia? how did that happen? so david, what's your team deciding here? i think it could be true. i don't know. i don't trust you. you're a funny looking fella. see, that's the crucial detail. yeah. i'm edging towards a lie. you're saying it's a lie? yeah. okay. jimmy carr. well, i can tell you, it is a lie. applause it's a lie. it's a lie. prince philip didn't tell jimmy he was a funny-looking fellow at wimbledon. what a moment. perhaps the funniest man in britain, known for his off-colour material, finally getting to meet jimmy carr. jamelia, you're next. okay. erm, i once stole some toilet paper from george michael's house. lee? was it new or used? was it beside the bed on the floor crumpled up or was it from a roll? i'm amazed he has toilet paper in his house because he's normally at the gents in the park. yeah, it was in his house. in the toilet, not in the toilet, like on the roll. what were you doing at george's house? it was a party. i think it was his birthday. were any of his relatives there? you think it right. what was the occasion? but it was a party, what do you have parties for? well i have parties for all sorts of reasons. well it was one of those reasons. why did you steal the paper? a memento. how much did you steal jamelia? what sort of quantities are we talking about here? not like the...just like a square. one square? you did this, that's not a square. that's an oblong. the toilet paper squares are oblong. you know, they're referred to as squares, but they're not perfect squares at all. squares at all. they're oblong, they're definitely longer than they are wide. you're the only person in the world that's known as david. everyone else goes like that, just that, but not you. i say... excuse me darling, pass me the ruler. i think this is actually an oblong, not technically a square. well, how long ago was it? a few years. three, four years? give me some figures. about three or four years. i know further questions your honor force i think if you were gonna steal something from george michael's house you would steal something a bit better than that and what if you want to take a flat-screen tv? there's taking a memento, and then there's just being a thief you're edging towards saying it's a lie. i suspect i think it's a lie, but terry if you're gonna overrule us then no i'm just gonna disagree in that way. i'll look great if you're wrong you won't look great fair enough. hey, give them your brutal quipping, not me. i'm on your team. right, jamelia, you're going to have a bit of brutal quipping. go on, say that's a lie, jamelia. okay, so, jamelia, they're saying it's a lie. are you telling the truth? it is true. it's true. jamelia did once steal some toilet paper from george michael's house. i bumped into george michael in the toilet once. we'd never met before, but he was very friendly. marcus, you're next. right. i worked as a podium dancer at the ministry of sound."
QbthTZVmNYk,AN_WILTY_EP17_truth4,530,533,truth,they were relatively indistinct tunes designed to create...
QbthTZVmNYk,AN_WILTY_EP17_truth6,589,595,truth,i worked for nine months on an oil rig doing four weeks on and in the two weeks off i would go...
QbthTZVmNYk,AN_WILTY_EP17_lie8,986,989,deception,we own a greyhound together that's come last in a...
QbthTZVmNYk,AN_WILTY_EP17_truth11,1226,1233,truth,"it was in the city centre and erm, we were walking down the road, next thing you know, these four police cars."
QbthTZVmNYk,AN_WILTY_EP17_truth12,1245,1248,truth,we're walking down this road in the city centre.
QbthTZVmNYk,AN_WILTY_EP17_lie13,1388,1395,deception,i read 1984 from cover to cover in wh smith so i didn't have to buy...
QbthTZVmNYk,AN_WILTY_EP17_lie15,1455,1459,deception,"was it badly paid? it was quite badly paid, but i, you know, i dare say i could have stretched."
QbthTZVmNYk,AN_WILTY_EP17_lie16,1554,1557,deception,"well, this is some of my hair collection."
QbthTZVmNYk,AN_WILTY_EP17_lie17,1560,1563,deception,that i gathered from guests who appeared.
QbthTZVmNYk,AN_WILTY_EP17_lie18,1581,1585,deception,i would ask the makeup women to take it off the brush.
DJRLZV4Ec44,AN_WILTY_EP18_truth1,108,113,truth,good. i once put nail polish remover in my fish tank to give my goldfish...
DJRLZV4Ec44,AN_WILTY_EP18_truth2,129,134,truth,the whole bottle and i just put a tiny just a little bit just to give them a bit more
DJRLZV4Ec44,AN_WILTY_EP18_truth3,169,173,truth,because i just thought they were looking a bit sleepy.
DJRLZV4Ec44,AN_WILTY_EP18_truth4,179,186,truth,the show is about a woman who is a little girl who is a little boy who is a little girl
DJRLZV4Ec44,AN_WILTY_EP18_truth5,197,200,truth,in an aspirin or some nail polish remover and it will just make them...
DJRLZV4Ec44,AN_WILTY_EP18_lie6,307,310,deception,i once had my wallet stolen by a walrus.
DJRLZV4Ec44,AN_WILTY_EP18_lie7,328,332,deception,"there's a sort of a... i couldn't call it a zoo, more of a menagerie."
DJRLZV4Ec44,AN_WILTY_EP18_lie8,339,342,deception,i had actually for once paid for something.
DJRLZV4Ec44,AN_WILTY_EP18_lie9,481,487,deception,one of my best friends at school was a little man i'd made from a slice of toast that i always kept in my bag.
DJRLZV4Ec44,AN_WILTY_EP18_lie10,582,588,deception,in your own image. i do remember designing big legs because i wanted him to be a fast runner.
DJRLZV4Ec44,AN_WILTY_EP18_lie11,926,929,deception,"what was on to, i'm afraid to say it was richard and judy."
DJRLZV4Ec44,AN_WILTY_EP18_truth13,986,989,truth,my four year old son went to a...
DJRLZV4Ec44,AN_WILTY_EP18_lie14,1061,1067,deception,a couple joined our class and they just got engaged and they wanted to tone pre-wedding.
DJRLZV4Ec44,AN_WILTY_EP18_lie15,1075,1081,deception,first thing was that when they did positions they looked into each other's eyes quite earnestly.
DJRLZV4Ec44,AN_WILTY_EP18_lie17,1096,1099,deception,and the woman did the best job.
DJRLZV4Ec44,AN_WILTY_EP18_lie18,1105,1110,deception,"the fiance, he said very earnestly, and there she..."
DJRLZV4Ec44,AN_WILTY_EP18_truth19,1199,1203,truth,"a birthday party came home and said i saw a juggler, it was the best thing i've ever seen."
DJRLZV4Ec44,AN_WILTY_EP18_lie21,1266,1273,deception,"it was just a group of us went to this nightclub, you know, on a saturday night i think."
DJRLZV4Ec44,AN_WILTY_EP18_truth23,1366,1370,truth,i once put out a fire using my...
ZrnEJ5g4CLU,AN_WILTY_EP19_lie1,131,137,deception,"okay. anton, dubeck and i danced our way..."
ZrnEJ5g4CLU,AN_WILTY_EP19_lie2,181,188,deception,what dance was it? it was a little bit of a foxtrot. he's a ballroom guy you see. and waltz was my best dance.
ZrnEJ5g4CLU,AN_WILTY_EP19_truth3,324,328,truth,every christmas my dad makes the whole family stand up to watch the
ZrnEJ5g4CLU,AN_WILTY_EP19_truth4,333,336,truth,two brothers and sisters and then...
ZrnEJ5g4CLU,AN_WILTY_EP19_truth5,368,376,truth,"he's living in a kind of like time warp. he's quite an old dad. and he's one of those people like, he'll buy a spam and sit in the cellar, cause he means..."
ZrnEJ5g4CLU,AN_WILTY_EP19_truth6,489,493,truth,my dad sometimes... those protest things where they go on the...
ZrnEJ5g4CLU,AN_WILTY_EP19_lie7,577,582,deception,when i was a child i was scared that my entire life was a book being read.
ZrnEJ5g4CLU,AN_WILTY_EP19_lie8,612,617,deception,"so what came to you? quite early, but then, you know, up until i was maybe seven or eight."
ZrnEJ5g4CLU,AN_WILTY_EP19_lie9,623,628,deception,i thought that there was a chance that my life was...
ZrnEJ5g4CLU,AN_WILTY_EP19_lie10,646,650,deception,he told me another story and it was about a bear reading stories to his little bear.
ZrnEJ5g4CLU,AN_WILTY_EP19_lie11,968,972,deception,"well, this is terry and he built the nuclear bunker."
ZrnEJ5g4CLU,AN_WILTY_EP19_lie12,977,982,deception,terry and he's the policeman who was called out when i was caught trying to break into the window.
ZrnEJ5g4CLU,AN_WILTY_EP19_lie13,1174,1178,deception,i got myself out when i had a plumber around trying to un...
ZrnEJ5g4CLU,AN_WILTY_EP19_lie14,1195,1198,deception,your genuine view of me is i would be...
ZrnEJ5g4CLU,AN_WILTY_EP19_lie15,1356,1361,deception,"if you give me any date before the year 2000, i can instantly tell you what date."
ZrnEJ5g4CLU,AN_WILTY_EP19_lie16,1375,1378,deception,the system is...
ZrnEJ5g4CLU,AN_WILTY_EP19_lie18,1402,1407,deception,"three months in 1955, you learn it off by heart those 90 days, and then there's a calculus..."
ZrnEJ5g4CLU,AN_WILTY_EP19_truth20,1550,1556,truth,a coronation street star once made me remove all the red m&ms from the
VSSCH5LcafA,AN_WILTY_EP20_truth2,335,338,truth,i have two...
VSSCH5LcafA,AN_WILTY_EP20_truth3,361,366,truth,i was in bali and we were...
VSSCH5LcafA,AN_WILTY_EP20_truth4,407,411,truth,"yeah, but i would think that if people didn't think they were..."
VSSCH5LcafA,AN_WILTY_EP20_lie5,534,537,deception,do i have a bomb stra-
VSSCH5LcafA,AN_WILTY_EP20_lie6,552,557,deception,i am launching my own range of condiments including omijalili piccolilli.
VSSCH5LcafA,AN_WILTY_EP20_lie7,593,599,deception,i said i've only done a few bit parts and a few films and they said well you're quite well known in comedy and we're trying to get this...
VSSCH5LcafA,AN_WILTY_EP20_lie8,601,605,deception,"other products as well, jalili chili, all kinds of..."
VSSCH5LcafA,AN_WILTY_EP20_lie9,612,616,deception,they wanted me to write a book but i didn't feel i was old enough or experienced enough to write.
VSSCH5LcafA,AN_WILTY_EP20_lie10,1014,1017,deception,"and the first time i met her, i ran over..."
VSSCH5LcafA,AN_WILTY_EP20_lie12,1134,1141,deception,"they wanted to get a masseuse because of arthritis. it's a spaniel. we've had it for seven years. so in dog years, it's about 42. so it's quite early."
VSSCH5LcafA,AN_WILTY_EP20_lie13,1152,1155,deception,we don't know it. it may be indefinite.
VSSCH5LcafA,AN_WILTY_EP20_lie15,1526,1535,deception,"if i am heading north and blue, if i'm heading south. or, if i'm heading west, i also go for blue. and east."
VSSCH5LcafA,AN_WILTY_EP20_lie16,1565,1570,deception,"i went through to the main pasty area, where i ordered my ginster's pasty."
K9h744kQGTM,AN_WILTY_EP21_truth2,344,349,truth,"when i present a show for the first time, i like to wear red eyes."
K9h744kQGTM,AN_WILTY_EP21_truth3,358,365,truth,"red is a colour synonymous with luck and fortune. with the chinese, anyway."
K9h744kQGTM,AN_WILTY_EP21_truth4,424,430,truth,"if i see one magpie, i say, hello mr magpie, how's your partner? because you have to say partner, you can't say..."
K9h744kQGTM,AN_WILTY_EP21_lie6,531,538,deception,"people come up to you and they think they might know you, but i'm not one of those really well-known faces. so you have to come up with something."
K9h744kQGTM,AN_WILTY_EP21_lie7,542,545,deception,"yeah, but then it's quite awkward if they say, i don't know what."
K9h744kQGTM,AN_WILTY_EP21_lie8,549,553,deception,someone asked me if i was danny glover. that was quite awkward.
K9h744kQGTM,AN_WILTY_EP21_lie9,1039,1042,deception,signed a household robot that's...
K9h744kQGTM,AN_WILTY_EP21_lie10,1055,1060,deception,"finally, david. this is sylvan and he's my next door neighbour and i..."
K9h744kQGTM,AN_WILTY_EP21_lie11,1064,1068,deception,after he complained about an all-night party.
K9h744kQGTM,AN_WILTY_EP21_lie12,1192,1196,deception,"ok, my time has come."
K9h744kQGTM,AN_WILTY_EP21_lie13,1307,1312,deception,i can't eat custard creams because they remind me of spencer whitfield who bullied me at school.
K9h744kQGTM,AN_WILTY_EP21_lie14,1316,1323,deception,he pinned me down with his mates and he forced fed me custard cream.
K9h744kQGTM,AN_WILTY_EP21_lie15,1332,1337,deception,"the first instance we had was, believe it or not, in secondary school. right, we'll go round the..."
K9h744kQGTM,AN_WILTY_EP21_lie17,1381,1386,deception,i learned how to use money in a sensible way. and i got in there and it was full of the...
K9h744kQGTM,AN_WILTY_EP21_lie18,1416,1420,deception,the only concert i have ever been to was by show...
K9h744kQGTM,AN_WILTY_EP21_truth19,1424,1427,truth,"it was at the bit of wembley that's not a football stadium, but it's..."
K9h744kQGTM,AN_WILTY_EP21_truth20,1450,1454,truth,she was pretty good. she was incredibly...
K9h744kQGTM,AN_WILTY_EP21_truth21,1460,1464,truth,"i think she's done all the golf things, he's definitely sung dime."
K9h744kQGTM,AN_WILTY_EP21_lie22,1536,1540,deception,these are some of the birthday cards that i've posted to my...
K9h744kQGTM,AN_WILTY_EP21_lie23,1564,1568,deception,"she ran over a cat once, so we weren't allowed cats after that."
K9h744kQGTM,AN_WILTY_EP21_lie24,1630,1635,deception,shut it! because sydney's real pedigree name is...
4guAsXvaYfE,AN_WILTY_EP22_truth1,2,125,truth,"tonight, a award i lie to you, made to measure trini woodrow, comedy treasure reese chiersmith, and their team captain, david mitchell! and facing them tonight, fresh from the west end, michael bull! tv's his best friend, charlie booker! and their team captain, lee mack! and your host, rob brydon! cheering and applause good evening, and welcome along to would i lie to you, the show all about lies and lying. now, according to research, the most common lies are about affairs and money. so, men, if you do spend the night with another woman, don't make things worse by lying to your wife about how much she cost. laughter when you give someone a fake smile, you don't use the same set of muscles as when you smile at them genuinely it's easy to tell the difference a genuine smile is the one you get from your dear old mom as you walk up the path to the care home on a sunday afternoon fake smile is the one you give her back to round one home truths where our panelists take it in turns to read out a statement from the card in front of them and to make it particularly difficult they haven't seen the card yet so they don't know if it contains a truth or a terrible terrible lie that we've made up for them michael ball is first up michael what would you like to tell us thank you i have a three-part ritual i have to adhere to before i go on stage"
4guAsXvaYfE,AN_WILTY_EP22_truth2,129,135,truth,"firstly, there's a suite that i have to have before i feel comfortable."
4guAsXvaYfE,AN_WILTY_EP22_truth3,151,154,truth,"because i'm playing, i'm in hairspray and she's a woman and..."
4guAsXvaYfE,AN_WILTY_EP22_truth4,182,185,truth,and then you go there and...
4guAsXvaYfE,AN_WILTY_EP22_lie5,283,286,deception,marks and spencer's mannequins are based on...
4guAsXvaYfE,AN_WILTY_EP22_lie6,294,299,deception,what you do is you do a like a plaster of paris.
4guAsXvaYfE,AN_WILTY_EP22_lie8,449,456,deception,for a summer i worked at a funeral directors that offered themed funerals.
4guAsXvaYfE,AN_WILTY_EP22_lie9,490,493,deception,the people are alive are dressed up and the dead person's dead.
4guAsXvaYfE,AN_WILTY_EP22_lie10,512,517,deception,"well, the blue parrot is the name of the supposed club that the..."
4guAsXvaYfE,AN_WILTY_EP22_lie11,538,542,deception,beautiful.
4guAsXvaYfE,AN_WILTY_EP22_lie12,569,573,deception,"it was only ever crematorium, it wasn't ever burials."
4guAsXvaYfE,AN_WILTY_EP22_truth13,646,652,truth,"for six years, i pretended to a girlfriend that i was partially dead."
4guAsXvaYfE,AN_WILTY_EP22_truth15,728,735,truth,what was your reason? i said that when i was a child i had nearly drowned when i was like four in a swimming pool and this had left me deaf.
4guAsXvaYfE,AN_WILTY_EP22_lie16,1088,1091,deception,"this is donna, who's teaching me bass..."
4guAsXvaYfE,AN_WILTY_EP22_lie17,1098,1102,deception,it saved my life when she threw me a life belt after i fell off my...
4guAsXvaYfE,AN_WILTY_EP22_truth19,1153,1159,truth,i released a charity single and so she went and bought them all in a shop and then sold them.
4guAsXvaYfE,AN_WILTY_EP22_truth20,1175,1179,truth,"well it's, it's, um, no. no, everyone's number one."
4guAsXvaYfE,AN_WILTY_EP22_lie21,1190,1193,deception,"very good at maintaining, you know, looking after..."
4guAsXvaYfE,AN_WILTY_EP22_lie23,1203,1206,deception,"yes, well, yes, that was one of the first things."
4guAsXvaYfE,AN_WILTY_EP22_lie24,1222,1226,deception,you don't talk about homemade wits.
4guAsXvaYfE,AN_WILTY_EP22_lie25,1282,1285,deception,"well, i was actually trying to..."
4guAsXvaYfE,AN_WILTY_EP22_lie26,1287,1293,deception,to undo the gas canister at the front so we could make a cup of tea. and i went down the side.
4guAsXvaYfE,AN_WILTY_EP22_lie29,1460,1467,deception,"they are andy burnham, the culture secretary, alistair darling, who is the chancellor."
4guAsXvaYfE,AN_WILTY_EP22_lie30,1571,1575,truth,i kept my car running for two months by cracking an egg.
7AYOdlw5Gg4,AN_WILTY_EP23_truth1,112,118,truth,i once had to ask michael winner to calm down after i crashed into his...
7AYOdlw5Gg4,AN_WILTY_EP23_truth2,185,190,truth,it was raining and it was dark and i'd break...
7AYOdlw5Gg4,AN_WILTY_EP23_truth3,203,207,truth,"he said, uh, he said that bump is about a thousand pounds."
7AYOdlw5Gg4,AN_WILTY_EP23_truth6,329,335,truth,i had a job as a postman but left after a week because i couldn't ride the bike.
7AYOdlw5Gg4,AN_WILTY_EP23_truth7,347,350,truth,they provide a bike.
7AYOdlw5Gg4,AN_WILTY_EP23_truth8,354,357,truth,because the...
7AYOdlw5Gg4,AN_WILTY_EP23_truth9,6,368,truth,"music plays applause good evening. welcome to what i lie to you, the show all about the art of lying. on the lemax team tonight, we have the star of doc martin, a show whose enormous success has had the cornish locals high-sixing each other. it's martin clunes! applause and another very successful comedian actor who's even been awarded an obe. yes. for what? laughter i mean, i like the kumar's as much as the next man. but an obe? and sanjeev bhaskar! cheering and applause and on david mitchell's team, a presenter who once interviewed tony blair about the iraq war and his decision to remove saddam hussein from office. not the most light-hearted moment on all star mystery misses. it's fern britton! cheering and applause and the man who puts the e into richard grant. it's richard e grant! cheering and applause applause right, let's get started then with round one. it's home truths, where our panellists each read out a statement from the card in front of them. now, to make things harder, they've never seen the card before, so they've no idea what they'll be faced with. it's up to the opposing team to separate the truth from the lies. and sanjeev is first up. i once had to ask michael winner to calm down after i crashed into his car. laughter david. right. was this... at the time when you asked him to calm down, had his brilliant eshore campaign already hit our screens and so, you know, seemed like an apposite thing to say, or was this years ago and angrier michael winner, who still had a film career? laughter i think it was before the adverts. right, so maybe that's what gave him the idea. quite possibly. what car was he driving? he was driving a bentley. what colour? i don't know, it was dark. well, it was at night or it was a dark bentley? both. both. it was dark. that's why it blended in. that's why i hit him. are you sure he had a car at all? well, you mean i just hit him up the arse? well, he was once a very large man. what was your car? i was in a vauxhall cavalier. and where did the crash happen? yes. at kensington high street in london. who was in the car with him? no-one, i think. he was driving himself? he was driving himself, yeah. describe the whole incident. it was raining and it was dark and i braked. the guy in front of me braked very suddenly and i went into the back of him. so you both get out of the car. at this point, you're presumably quite surprised to see that it's michael winner. i started laughing. right. what was his response? he said, er, he said, that bump is about a £1,000. then michael winner got out of the car and... he said, i agree with the first chap. no, he... i started laughing and he just said, er, this isn't very funny. and i said, i think it is. did you exchange all the details? er, i think i gave him my details. i don't think he gave you... did you include the obe in your details? didn't have one at the time. this was pre-decoration. was it this incident that led to your being awarded the obe? laughter because i think he should have got a knighthood. well... you have to kill him for that. i'm surprised he didn't have a passenger with him because he's very friendly with michael caine. laughter i was driving down the road when we felt a prang in the arse. i looked around, who do you bloody think it was? only sanjeev bhaskar, pre-decoration. laughter what do you think, david's team? michael winner does have a driver, always talks about the driver in his reviews. well, you think it's true. well, i'm so gullible, i think, yes. oh, did it open? well, it happened. you think it's a lie. there's something about that he would have a chauffeur or someone else in the car. so, on the basis i have the casting vote, i'm going to say lie. saying that it's a lie. ok. sanjeev bhaskar, obe. are you telling the truth or telling a lie? i'm telling the truth. cheering and applause no! whoa! yes. it's true. sanjeev did once have to ask michael winner to calm down after he crashed into his car. it was a serious accident, but a couple of good panel beaters and some light touching up and michael looked as good as new. fern, it is you that is next. i had a job as a postman but left after a week because i couldn't ride the bike. b mac, what do you think? when was this? when i was a student. oh, not just after this morning? did they provide a bike or did you have your own bike? they provide a bike. and you couldn't ride it? no. why couldn't you ride it? because the basket on the front that you put the letters in, it doesn't turn when you turn the handlebars. so you think you're probably going straight on, but you're not. you're trying to turn right, and you think, i'm scared."
Nj66dXc93U0,AN_WILTY_EP24_lie1,3,6,deception,i have actually been fired by alan sugar.
Nj66dXc93U0,AN_WILTY_EP24_lie2,11,21,deception,"i was working for a catering company when i first left drama school, like a lot of good drama students, black trousers, white shirt, handing round the drinks and the canapes."
Nj66dXc93U0,AN_WILTY_EP24_lie5,41,47,deception,"was he standing next to you? yes, yes, it was his do. he was the host of the do and i was summarily dispersed."
Nj66dXc93U0,AN_WILTY_EP24_lie6,96,103,deception,"he was just busy with dealing with, you know, worrying about her clothes and his summary firing of me was a sort of display."
Nj66dXc93U0,AN_WILTY_EP24_lie7,135,142,deception,"god, i can't remember. there was anger, there was shouting. he didn't swear, but he made me look stupid. but cunningly..."
Nj66dXc93U0,AN_WILTY_EP24_truth8,355,358,truth,a dance version of a shakespearean soliloquy.
Nj66dXc93U0,AN_WILTY_EP24_lie10,376,382,deception,this is ken and ken drives a steam engine and recently let me...
Nj66dXc93U0,AN_WILTY_EP24_truth11,397,401,truth,it was a version of hamlets to be on.
Nj66dXc93U0,AN_WILTY_EP24_lie14,526,530,deception,well obviously if i'm working i don't go and do it because there's a troupe of...
Nj66dXc93U0,AN_WILTY_EP24_lie15,556,559,deception,"he said, drive the steam train and he gave me a ride."
Nj66dXc93U0,AN_WILTY_EP24_lie16,566,576,deception,"it was at the... it was at my brother's 30th birthday, due, which was at the didcot railway museum."
Nj66dXc93U0,AN_WILTY_EP24_lie17,586,591,deception,i think there was elements of irony and elements of genuine enjoyment. very much like this show.
Af5tAj0w2Ig,AN_WILTY_EP25_lie1,6,10,deception,it's sort of a couple hundred yards. stop.
Af5tAj0w2Ig,AN_WILTY_EP25_lie2,14,19,deception,"no, no, no, it's outdoors, but within the property. it doesn't... you don't access the national network."
Af5tAj0w2Ig,AN_WILTY_EP25_lie3,28,32,deception,why is everyone in such a rush? it's because the network's so...
Af5tAj0w2Ig,AN_WILTY_EP25_truth4,237,244,truth,"there was a saying in my old school, if lee mack can pass his geography o level, then anyone can."
Af5tAj0w2Ig,AN_WILTY_EP25_truth5,270,280,truth,"well, because we used to do mock... you do mock-o levels the year before, and i failed it. badly. so they said, you're going in the cse class."
Af5tAj0w2Ig,AN_WILTY_EP25_truth6,287,291,truth,he just failed it and with that extra chance he'll pass it.
Af5tAj0w2Ig,AN_WILTY_EP25_lie7,379,384,deception,"for six months, i wrote horoscopes for a women's..."
Af5tAj0w2Ig,AN_WILTY_EP25_lie8,424,428,deception,what are his tops onto? it's a sort of magazine that you see in...
Af5tAj0w2Ig,AN_WILTY_EP25_lie9,430,434,deception,i think about a year and a bit after i'd graduated.
Af5tAj0w2Ig,AN_WILTY_EP25_lie10,448,458,deception,"laughter and they basically just, for 50 quid a week, they just needed, you know, some vague text."
ZtLI7s4GvnI,AN_WILTY_EP26_lie1,104,110,deception,i once secretly swapped sandwiches with rob on the set of gavin and stacey.
ZtLI7s4GvnI,AN_WILTY_EP26_truth2,313,319,truth,i developed a word association system to remember people's names but gave it up when it...
ZtLI7s4GvnI,AN_WILTY_EP26_truth3,337,345,truth,what i do is i attach a quality to someone and then try and relate that quality to the person's...
ZtLI7s4GvnI,AN_WILTY_EP26_truth4,351,356,truth,the argonauts.
ZtLI7s4GvnI,AN_WILTY_EP26_truth5,361,367,truth,"jason the argonauts, i might therefore jay an argonaut gives me juggernaut."
ZtLI7s4GvnI,AN_WILTY_EP26_truth7,403,413,truth,"that's brilliant, ray charles, because i will remember from the sunglasses, and therefore i will get charles. and then very soon, next year when we go, i can confidently say hello."
ZtLI7s4GvnI,AN_WILTY_EP26_truth9,467,472,truth,"i'll explain correctly, i've seen him the previous year at the same place."
ZtLI7s4GvnI,AN_WILTY_EP26_truth10,546,551,truth,for ten years i refused to go into any branch of mcdonald's after a girl dumped me.
ZtLI7s4GvnI,AN_WILTY_EP26_truth11,598,601,truth,"a food restaurant. erm, i've chosen jumanji."
ZtLI7s4GvnI,AN_WILTY_EP26_truth12,620,623,truth,i think i was needed away.
ZtLI7s4GvnI,AN_WILTY_EP26_truth13,698,708,truth,this is ian and ian saved my tortoises life when he was about to be crushed to death.
ZtLI7s4GvnI,AN_WILTY_EP26_lie15,730,739,deception,this is ian. i bought ten packs of aa batteries from ian on ebay and he sent me a hundred packs. finally.
ZtLI7s4GvnI,AN_WILTY_EP26_lie17,791,797,deception,"we've been there since, we got the early dollars when they opened it up and they got a little local celebrity."
ZtLI7s4GvnI,AN_WILTY_EP26_lie18,818,821,deception,it got to about 3.30pm and erm...
8at1JnjYn58,AN_WILTY_EP27_lie1,21,24,deception,there was a deal on ebay.
8at1JnjYn58,AN_WILTY_EP27_lie4,64,67,deception,there's a remote control for one television.
8at1JnjYn58,AN_WILTY_EP27_truth6,125,129,truth,he disappeared from our garden.
8at1JnjYn58,AN_WILTY_EP27_truth7,135,140,truth,after three days we started to actually worry and tried to work out where he may have gone.
8at1JnjYn58,AN_WILTY_EP27_truth9,200,204,truth,they found it on the conveyor belt on the...
8at1JnjYn58,AN_WILTY_EP27_lie11,333,338,deception,i've placed a £500 bet that the book is that i'll live till i'm 100.
8at1JnjYn58,AN_WILTY_EP27_truth14,690,693,truth,i would have been school age.
8at1JnjYn58,AN_WILTY_EP27_truth15,719,724,truth,"no, i didn't steal it as such, it was a misunderstanding."
8at1JnjYn58,AN_WILTY_EP27_truth16,740,745,truth,"if i'd forgotten to give catherine her dinner money, would you give her the dinner money?"
nkCdzNDP8CY,AN_WILTY_EP28_lie1,110,113,deception,i have nicknames for both my big toes.
nkCdzNDP8CY,AN_WILTY_EP28_lie2,124,134,deception,leslie was a nickname me and my first girlfriend had for our baby that we were going to have. we were planned about getting...
nkCdzNDP8CY,AN_WILTY_EP28_lie3,134,138,deception,"we're going to call it lesley. it's a joke. it's a nice name, but we won't."
nkCdzNDP8CY,AN_WILTY_EP28_lie4,150,155,deception,"so there it is and she said, you know, there's leslie. it was just, you know, it was just..."
nkCdzNDP8CY,AN_WILTY_EP28_lie5,160,163,deception,"and she used to believe there was an angel, you had an angel."
nkCdzNDP8CY,AN_WILTY_EP28_lie6,168,175,deception,"you have a good angel and a bad angel on your shoulder who, you know, when you're about to do something awful, will say, don't do..."
nkCdzNDP8CY,AN_WILTY_EP28_truth7,255,263,truth,i lied to my husband that i was good at tennis and had to have secret lessons when he arranged a dinner.
nkCdzNDP8CY,AN_WILTY_EP28_truth8,355,361,truth,i got there and i found an ankle.
nkCdzNDP8CY,AN_WILTY_EP28_truth9,392,397,truth,"on the night that i made him dinner, pretended that i..."
nkCdzNDP8CY,AN_WILTY_EP28_truth10,404,409,truth,i looked at him in the dark and then he found... ..batesco express.
nkCdzNDP8CY,AN_WILTY_EP28_truth11,464,467,truth,i once accidentally bought a ho-
nkCdzNDP8CY,AN_WILTY_EP28_truth12,486,491,truth,i never thought i was buying anything. i thought i was...
nkCdzNDP8CY,AN_WILTY_EP28_truth13,591,594,truth,the guy explained to us that...
nkCdzNDP8CY,AN_WILTY_EP28_truth15,650,654,truth,a horse. and we thought he was doing that thing in asda when you've got a shopping troll.
nkCdzNDP8CY,AN_WILTY_EP28_truth17,825,829,truth,"we thought we'd rented the horse, we'd done the horse riding, took it back to the initial place..."
xXnyKLgp3eg,YW_WILTY_EP43_truth1 ,136,146,truth,
xXnyKLgp3eg,YW_WILTY_EP43_truth2,178,183,truth,i thought the children's program of fat wumble was based on a real...
xXnyKLgp3eg,YW_WILTY_EP43_lie1,454,458,deception,"i was getting temporary from it, so then i ended up visiting a lot more."
xXnyKLgp3eg,YW_WILTY_EP43_lie2,469,478,deception,because then the relief is temporary. so i ended up going back and then i ended up getting really addicted to visiting different hypnotists.
xXnyKLgp3eg,YW_WILTY_EP43_lie3,495,500,deception,well i am knocked out during this and then when i wake up they put me on top of something.
xXnyKLgp3eg,YW_WILTY_EP43_lie4,553,558,deception,a short of severe vertigo hypnosis i get doesn't involve physical contact but it does involve being winched up.
xXnyKLgp3eg,YW_WILTY_EP43_lie5,560,564,deception,to get to get the height so that when you come around you're out of height and you say
xXnyKLgp3eg,YW_WILTY_EP43_lie6,690,693,deception,s-e-e-umbloat.
xXnyKLgp3eg,YW_WILTY_EP43_truth4,776,783,truth,"well, this is mark and together we started a lost animals detective."
xXnyKLgp3eg,YW_WILTY_EP43_lie7,791,799,deception,"i'm mark, he is my recycling man and last year he put a note through my door saying he thought we were eating too many take-away."
xXnyKLgp3eg,YW_WILTY_EP43_lie8,807,813,deception,this is mark. he saved me from choking in argos after i...
xXnyKLgp3eg,YW_WILTY_EP43_lie9,858,862,deception,indians. i wasn't having take away's every night. this is why i...
xXnyKLgp3eg,YW_WILTY_EP43_lie10,877,880,deception,my husband deals with all the...
xXnyKLgp3eg,YW_WILTY_EP43_truth6,1042,1052,truth,"well, in the window of the local shop there seemed to be some people had lost cats and dogs."
xXnyKLgp3eg,YW_WILTY_EP43_truth7,1055,1062,truth,"that we would ring up one of these people, as i had the most mature voice of the agency."
xXnyKLgp3eg,YW_WILTY_EP43_lie11,1137,1141,deception,"well, i checked on the little keypad that they had it in..."
xXnyKLgp3eg,YW_WILTY_EP43_lie13,1317,1322,deception,"i mean, as a dancer you're so criticized for the way you look and some of the things you have to wear on stage."
xXnyKLgp3eg,YW_WILTY_EP43_lie14,1348,1353,deception,"well it's actually a lot of ballet dancers, a lot of commercial dancers do do it."
E0g49dh14S8,YW_WILTY_EP44_lie1,126,132,deception,"you're in danger of cooking the butter. you get a beurre noisette on top of your toast, which wouldn't do you any good."
E0g49dh14S8,YW_WILTY_EP44_lie2,139,144,deception,use any hot flat metal implement to iron the bread. you don't have to use...
E0g49dh14S8,YW_WILTY_EP44_lie3,182,185,deception,it's a comedy game show.
E0g49dh14S8,YW_WILTY_EP44_lie5,422,427,truth,she was late at night and so she wanted me to go and collect beer.
E0g49dh14S8,YW_WILTY_EP44_truth1,439,449,truth,"it was a huge argument because i was refusing to let... she was saying, you know, that she didn't want to walk through the streets of london. it was quite frightening at night. and i was going, yeah, but there's a spider."
E0g49dh14S8,YW_WILTY_EP44_truth2,469,473,truth,well obviously i was scared so i dropped a yellow pages.
E0g49dh14S8,YW_WILTY_EP44_truth3,642,645,truth,and i thought i would ask her...
E0g49dh14S8,YW_WILTY_EP44_truth4,855,861,truth,"on valentine's day when i was 17, i presented him with a dustbin for his daughter."
E0g49dh14S8,YW_WILTY_EP44_lie6,866,873,deception,he was the first person ever to have a drink at the queen vic and the first person ever to have a curry.
E0g49dh14S8,YW_WILTY_EP44_lie7,878,885,deception,the previous owner of my house who still pops round with his deck chair so he can sit in my garden on sunny days.
E0g49dh14S8,YW_WILTY_EP44_truth5,906,913,truth,"i intended to give the bin to her, but she wasn't there. so i gave the bin to her."
E0g49dh14S8,YW_WILTY_EP44_truth6,929,932,truth,the valentine's gift was to give a bin...
E0g49dh14S8,YW_WILTY_EP44_truth7,941,948,truth,give a valentine's card that says i actually fancy you. you want to give something that sort of could make you look a bit mad?
E0g49dh14S8,YW_WILTY_EP44_truth8,954,957,truth,"no, i turned... no, i put her in..."
E0g49dh14S8,YW_WILTY_EP44_truth9,986,990,truth,don't mock what happened. it was a really... i was really nervous that day.
E0g49dh14S8,YW_WILTY_EP44_truth10,1004,1008,truth,that torment amuses me so much. you nasty little man.
E0g49dh14S8,YW_WILTY_EP44_lie9,1054,1057,deception,maybe you haven't got any furniture.
E0g49dh14S8,YW_WILTY_EP44_lie10,1066,1069,deception,basically a supporting artist that has been there since day one.
E0g49dh14S8,YW_WILTY_EP44_lie12,1263,1268,deception,we used to use a bit of fairy liquid if we'd run out of bubble bath.
E0g49dh14S8,YW_WILTY_EP44_lie13,1279,1283,deception,there's nothing wrong with an all-over flannel wash.
E0g49dh14S8,YW_WILTY_EP44_lie14,1285,1288,deception,i'm below on a train.
E0g49dh14S8,YW_WILTY_EP44_lie15,1327,1332,deception,telling me you've never used bubble bath in the shower because you run out of soap. that's all the time. liquid soap.
E0g49dh14S8,YW_WILTY_EP44_truth11,1392,1396,truth,plastic-y units that some of whom had some of whom
E0g49dh14S8,YW_WILTY_EP44_truth12,1418,1427,truth,"they were sort of very unhappy about it and ultimately they said, look we really think you should do with this, we'll deal with the admin if you..."
E0g49dh14S8,YW_WILTY_EP44_truth13,1456,1462,truth,"it's plain. it's sort of, i think, kind of cream."
E0g49dh14S8,YW_WILTY_EP44_truth15,1558,1568,truth,"i didn't, i just took the book in at the sauna and i go to the gym. i try not to be fat. i like the sauna as well. i read the sauna and the books."
L2dK_5Zg5Rg,YW_WILTY_EP45_lie1,381,384,deception,i was playing round...
L2dK_5Zg5Rg,YW_WILTY_EP45_lie2,386,389,deception,i was standing in between bases and i sort of went over...
L2dK_5Zg5Rg,YW_WILTY_EP45_lie3,401,406,deception,"i'm in real proper agony, like honestly i thought i was going to black out."
L2dK_5Zg5Rg,YW_WILTY_EP45_lie4,410,417,deception,
L2dK_5Zg5Rg,YW_WILTY_EP45_lie5,445,451,deception,the idea of getting to somewhere where they could just give me a painkiller and injection would have been...
L2dK_5Zg5Rg,YW_WILTY_EP45_lie6,455,458,deception,"even the siren, it was greensleeves."
L2dK_5Zg5Rg,YW_WILTY_EP45_lie8,499,504,deception,of rail travel and taxis and a little bit of ice cream.
L2dK_5Zg5Rg,YW_WILTY_EP45_truth2,615,620,truth,"the ocean. the ocean, okay. which ocean was it? it was the indian ocean."
L2dK_5Zg5Rg,YW_WILTY_EP45_truth3,642,646,truth,"they did know me, i didn't, i hadn't met, anything like that."
L2dK_5Zg5Rg,YW_WILTY_EP45_truth4,649,655,truth,"somebody in the sea, some way offshore, waving as if to say, i am drowning."
L2dK_5Zg5Rg,YW_WILTY_EP45_truth5,740,746,truth,this is a comedy show about a british man who is on holiday.
L2dK_5Zg5Rg,YW_WILTY_EP45_truth6,757,762,truth,i'll name drop it now and say shells.
L2dK_5Zg5Rg,YW_WILTY_EP45_lie9,854,857,deception,this is cathy and we crashed into each other while we were both...
L2dK_5Zg5Rg,YW_WILTY_EP45_truth7,861,868,truth,"my dear friend cathy, we fooled the newspapers into reporting that she'd be left under the spell of a hypnotist at a hen party."
L2dK_5Zg5Rg,YW_WILTY_EP45_lie10,870,877,deception,this is cathy. she's the hotel receptionist that i had to phone from my room when i found a peacock in my...
L2dK_5Zg5Rg,YW_WILTY_EP45_lie11,915,918,deception,we both had our tests annulled because...
L2dK_5Zg5Rg,YW_WILTY_EP45_lie12,937,943,deception,"she described it as weird, what had happened, and i remember thinking it wasn't weird, you hit me."
L2dK_5Zg5Rg,YW_WILTY_EP45_lie13,956,961,deception,it was just coming in then. before we even knew you could write it down.
L2dK_5Zg5Rg,YW_WILTY_EP45_lie14,1064,1072,deception,"i woke up in the morning, it was ground floor and you know like most blokes who sleep on their own hotel, it can get a bit whiffy."
L2dK_5Zg5Rg,YW_WILTY_EP45_lie15,1077,1085,deception,"i go into the swimming pool, which is very near my room. i come back with the dressing gown on. i walk in and there's a peacock in my room."
L2dK_5Zg5Rg,YW_WILTY_EP45_lie16,1088,1096,deception,i think he's tailing up a little bit and then he sort of ran around a bit and then he sort of got a bit flustered and i tried to waft him out the door. i was a bit panicking because
L2dK_5Zg5Rg,YW_WILTY_EP45_lie18,1133,1137,deception,the peacock went out and then shut the door.
L2dK_5Zg5Rg,YW_WILTY_EP45_lie19,1159,1164,deception,"it was a sort of, i don't know what star it was, but it was a sort of, it was more casual the hotel."
LPs5nlYYQck,YW_WILTY_EP46_lie1,150,153,deception,"yeah, i've done..."
LPs5nlYYQck,YW_WILTY_EP46_lie2,162,166,deception,"i was gonna call him a snake, it wasn't a snake, it was in the reptile house, but i don't know what he was, but he was wearing a fad."
LPs5nlYYQck,YW_WILTY_EP46_truth1,407,413,truth,i used to have to go to a hospital to be measured in all sorts of creatives.
LPs5nlYYQck,YW_WILTY_EP46_truth1,545,549,truth,i used to have to go to a hospital to be measured in all sorts of creatives.
LPs5nlYYQck,YW_WILTY_EP46_lie3,666,674,deception,this is simon and when i hoaxed my school by burying some treasure simon found it and the police were called.
LPs5nlYYQck,YW_WILTY_EP46_lie4,690,694,deception,this is simon. he has a large tattoo of my face on his knee.
LPs5nlYYQck,YW_WILTY_EP46_lie5,709,717,deception,"i like him because when i was doing a book signing of a comedy book, he came and asked thanks for watching!"
LPs5nlYYQck,YW_WILTY_EP46_truth3,843,846,truth,something along the lines of these are stolen smuggles.
LPs5nlYYQck,YW_WILTY_EP46_truth4,859,865,truth,nobody ever found out it was me. the police came back and said that they'd analysed the diamonds and they weren't diamonds and it was obviously...
LPs5nlYYQck,YW_WILTY_EP46_truth5,1115,1118,truth,i think they'd lost an important document.
LPs5nlYYQck,YW_WILTY_EP46_truth6,1146,1150,truth,"well that's the thing, that's the thing. i can't, i was only young and i can't remember exactly..."
LPs5nlYYQck,YW_WILTY_EP46_truth7,1162,1165,truth,this is a documentary about the
LPs5nlYYQck,YW_WILTY_EP46_truth8,1215,1218,truth,spirit world. we have a very...
LPs5nlYYQck,YW_WILTY_EP46_truth9,1221,1225,truth,and i hope you love how important a document is that we must find.
LPs5nlYYQck,YW_WILTY_EP46_truth10,1233,1238,truth,"it wasn't a problem, it was just a bit of fun in the afternoon."
LPs5nlYYQck,YW_WILTY_EP46_lie8,1326,1335,deception,i met tim henman when he was promoting a sort of tennis academy thing. and i went and played tennis with him at wimbledon.
LPs5nlYYQck,YW_WILTY_EP46_truth11,1557,1560,truth,"he did bail me out, so i had to pay them with my car."
LPs5nlYYQck,YW_WILTY_EP46_truth12,1589,1598,truth,"she said, i'll pay your share. i said, i've got nothing to give you. i can give you my car. and i don't think it occurred to her to say, no, don't do that. give me 15 quid next week. i'll take the car, is what she said."
NHiEffV3Ixw,YW_WILTY_EP47_lie1,146,150,deception,"i can get around but i can snap. i can, you know, i can go back quite..."
NHiEffV3Ixw,YW_WILTY_EP47_lie3,314,319,deception,"there was no gap between the end of sex and sleep, that i couldn't then go on."
NHiEffV3Ixw,YW_WILTY_EP47_truth1,390,393,truth,and those days would be getting up about 3 o'clock.
NHiEffV3Ixw,YW_WILTY_EP47_truth2,461,465,truth,and he was celebrating the fact that he'd got the part in four readings this year.
NHiEffV3Ixw,YW_WILTY_EP47_lie4,10,609,deception,"applause cheering and applause good evening and welcome to would i lie to you, the show with a lust for lies. on lee mack's team tonight, a veteran comedian and writer who, after receiving his obe, bantered with the queen. one of the few occasions on which victoria was amused. larry cryer! thank you. cheering and applause and the star of bbc series super sizers, who once had to eat the same sort of food that people lived on during world war ii when she went for lunch at barry cryer's house. it's sue perkins! cheering and applause and joining david mitchell tonight, we have a comedian who left university with a degree in physics. i mean, god knows who it belonged to, but finders keepers, i say, dara o'brien! cheering and applause and a tv presenter who, for comic relief, took part in a gruelling trek across a bleak african desert, a journey she easily coped with as she regularly gets the train from dundee to london. it's lorraine kelly! cheering and applause and so we begin, as always, with round one. it's home truths, where our panellists each read out a statement from the card in front of them. to make things harder, they've never seen the card before, so they've no idea what they'll be faced with. and it's up to the opposing team to sift the truth from the lies. dara starts us off tonight. dara, off you go. ok. on doctor's advice, i have to sleep in a cycle helmet due to the violent nature of my dreams. well, lee, where to begin? tell us about the violent nature of your dreams. yes, i move a lot within the dreams. they're active rather than hack-and-slash movie type violence. they're more, i'm playing a match or i'm running or something. and i move a lot in the bed. what damage can you do to yourself with a pillow? well, it's only a pill i can get around, but i can snap. it can go back quite violently. i can recoil. what does your wife think? do you share a bed? i do share a bed, yes. when did the doctor prescribe the helmet? it was during my teenage years. it was late teens, whatever that stage that it began to be. that is the age when you start tossing and turning a helmet. yes. no, no, no, no. i'm not having that. if i can't make an innocent comment... ..please, this isn't never mind your buzzcocks. i dreamt, this is true, i dreamt the other night that i was being spooned, i was the spoonie, with a lion. seriously, seriously, and i could feel its big, hairy arms and its legs, well they're all legs, aren't they? all legs around me, and i could feel it, and i could smell it, and it was so vivid, and i liked it. so the last thing i would have done is lash out because i was feared for my life. yeah, but i didn't have that dream. you feared for your life and you liked it. it was a lion! i thought when you said you liked it, you must have in some way thought you were safe with this lion. but it was actually the fear that you liked. we've all had experiences in bed, david, where we are simultaneously afraid and excited. so, dara, back to the image. what do you wear in bed? other than that, a pyjamas and a t-shirt. lovely look. the pyjama with the jacket, i don't want the jacket though. no. unnecessary formal. as if you were a blazer in bed, it would clash with your cycle helmet. it is odd, isn't it, the way pyjamas have a collar that could take a tie. yeah, that's the cycle helmet. you know peračić, the goalkeeper for chelsea, right? you better explain to david who he is. there's a footballer called peračić who got kicked in the head once, right? the goalkeeper's the one that owns the club, right? get him, yeah. laughter you know, they kick in the head and he wears a kind of a padded... it's very similar to that, like, because, you know... and if you've had a previous head injury and i had a... yeah, if you've had a knock in the pad... what was your previous head injury? i literally fell off a bike when i was a teenager. i went off a bike and... how ironic! they make you wear a cycle helmet, so it reminds you of that terrible, terrible day. when did you start wearing the cycle helmet in bed? that was when i was 16. were you in bed since you were 16? yeah. how old are you now? 39. so obviously on your honeymoon night you wore it, did you? she was used to it. she'd seen it. so every night... i've heard of sex. so, mate, during sex... laughter during sex, are you wearing it? cos then you're really thrashing around. do you presume that there's no gap between the end of sex and sleep, that i could then go, oh, that was magic... laughter no, i... you know what? that, to me, is more disturbing. to be able to go, that was marvellous, dear. what the hell are you putting on your... right, lee, it's time to take a guess. what do you think? if he's not telling the truth, he's made life very hard for himself because he didn't have to say he was doing it for 23 years. how long have you known him for? i never slept with him. no. i... i don't know. no, it's a lie, lie. so, dara, are you telling the truth or was it a lie? that scar that goes from there to there? yeah. no, it's a lie. applause it's a lie. dara wasn't advised to sleep in a cycle helmet because of the violent nature of his dreams. lorraine, you're up next. i once presented an episode of tv am whilst drunk. i don't think we need to discuss this any further. ok, what time do you start work on tvm? in those days, i would be getting up about 3 o'clock. so you're waking up at 3. are you still hammered from the night before or are you topping up at 3? if you're waking up so early, this is a tragic story. this is a great story. no, it was only the once. what happened the night before? i went for lunch. a long lunch? about two... wait, why? laughter well, why? laughter what time does the lunch start? laughter about half past 12. ok. what time did you finish drinking? about three o'clock. three o'clock in the morning? so you've drunk all the way through till three o'clock in the morning? that's a big lunch. hang on, that's your wake-up time, isn't it? so you've not slept? it was an all-nighter. so at three o'clock, you're drinking from 12 till three in the morning? there you go, go to one now lads. laughter see, you ready? i won't tell it. laughter lorraine, can you... who we would? who was i with? i was celebrating with john hannah, the actor. john hannah, the actor? oh, stop the clocks! exactly. and we kind of did. and all his friends, and he was celebrating the fact that he'd got the part in four riding suns. isn't that what if this i hope this is true now because that's a lovely story i know and you went drinking sort of lovely story that she turned up drunk it's quite heartwarming i could i could have found a note well, i could have found an insane oh, yeah, we appreciate it. we appreciate you're a professional. thank you. what might we have noticed about lorraine kelly that morning? oh, nothing. absolutely nothing. did you have your top on? i did. laughter nobody would ever, ever have known. nobody did know. but when you say drunk, it sounds like... i mean, drunk's a big word. you know that way you can drink yourself sober? yes, i do. thank you. you're my kind of woman. but you can drink yourself sober. you can actually... i don't think you can. you can! i don't think you can, kids. no, you can't. what are they saying? do you know what lorraine kelly's just said on television? you can't drink yourself slow. yes, you can. you're right, lorraine. thank you, barry. you can. you're right. so, lee's team, what do you think? what do we think, barry? is this true or a lie? i'm an old-fashioned gent. sorry to say, i think it's true. laughter sorry, lorraine. do you think it's true? i think so, yeah. partell will say it's true. you're saying it's true. lorraine, shaking her head. as if i would do such a thing as that. it's true. applause yes, it's true. lorraine did once present an episode of tvam drunk. yes, it's astonishing, isn't it? only once. i mean, that's nothing. i once got so drunk, i watched an episode of tv am. laughter barry? i have written and had published a trilogy of romantic novels under a female pen name. ooh! what's the female pen name, barry? mary windsor. mary windsor. mary windsor? yeah. and at what stage in your career was this? early. i'd written, done one book of anecdotes and the publisher said they fancied doing a sort of sub barbara cartland, you know, a sort of one of those."
NHiEffV3Ixw,YW_WILTY_EP47_lie5,612,618,deception,"not originally, i don't know why they chose me but i went for it and i got away with three of them. which didn't sell, obviously nobody..."
NHiEffV3Ixw,YW_WILTY_EP47_lie6,632,635,deception,number one was a shameless rip-off of lady chatterley.
NHiEffV3Ixw,YW_WILTY_EP47_lie7,638,641,deception,the state and the lady of the manor. it was just...
NHiEffV3Ixw,YW_WILTY_EP47_lie8,653,662,deception,"first falling out. they become lovers and then it became very tense and something and then she became very autocratic with him. and it was a very moving moment, if i say so myself."
NHiEffV3Ixw,YW_WILTY_EP47_lie9,674,678,deception,"the same class, i'm not kidding you."
NHiEffV3Ixw,YW_WILTY_EP47_truth3,842,850,truth,"this is rod. he drives my favourite bus and whenever i see it i shout, hello darling!"
NHiEffV3Ixw,YW_WILTY_EP47_lie13,872,879,deception,"after we accidentally took each other's baggage from the carousel, i ended up having to wear his clothes for three days on holiday."
NHiEffV3Ixw,YW_WILTY_EP47_lie14,917,922,deception,"i always say hello and there's three of them that work there, of which rod's one. and also i've got dogs so they always..."
NHiEffV3Ixw,YW_WILTY_EP47_truth4,984,987,truth,"don't shout, hello darling abroad, another person."
NHiEffV3Ixw,YW_WILTY_EP47_truth5,1005,1008,truth,"it might be late, it might be when i'm getting old, i don't..."
NHiEffV3Ixw,YW_WILTY_EP47_lie16,1027,1031,deception,mixed up on the carousel and so as a result of that i had to wear his clothes.
NHiEffV3Ixw,YW_WILTY_EP47_lie19,1164,1168,deception,"let's say some of the things i wouldn't have worn, for example is bus conduct..."
NHiEffV3Ixw,YW_WILTY_EP47_lie20,1333,1338,deception,"because when i was very little, he had a little jacket made out of a table cloth."
NHiEffV3Ixw,YW_WILTY_EP47_truth6,1559,1568,truth,"they didn't have blue and white plastic. blackburn rovers, they only had red plastic. so i thought, well, i'll give it the liverpool football."
NHiEffV3Ixw,YW_WILTY_EP47_truth7,1594,1598,truth,"in 1982, plastic was the future."
goi-_qyD7UU,YW_WILTY_EP48_truth1,149,153,truth,"he was doing, yeah, he was like with an orchestra, but he had his own solo."
goi-_qyD7UU,YW_WILTY_EP48_truth2,207,210,truth,julian lloyd webber and i are both in manchester.
goi-_qyD7UU,YW_WILTY_EP48_truth3,239,243,truth,"the car park attendant is just there. he hasn't got a hat on, he's not that efficient."
goi-_qyD7UU,YW_WILTY_EP48_truth5,359,362,truth,"a concert hall with the cello, julian and me, flamma."
goi-_qyD7UU,YW_WILTY_EP48_truth6,376,380,truth,it was a good set to send us out. that's worth millions. it's on its own.
goi-_qyD7UU,YW_WILTY_EP48_truth7,386,390,truth,so i was working on a television program that they were making.
goi-_qyD7UU,YW_WILTY_EP48_lie2,553,558,deception,"the opening was the burglar was busy, was at the door trying to force..."
goi-_qyD7UU,YW_WILTY_EP48_lie3,734,738,deception,we once posed as members of an orchestra.
goi-_qyD7UU,YW_WILTY_EP48_lie4,740,743,deception,backstage access to meet our idol.
goi-_qyD7UU,YW_WILTY_EP48_lie5,766,770,deception,it's a comedy that's been around for a long time.
goi-_qyD7UU,YW_WILTY_EP48_lie6,819,823,deception,i fix up to go and have a temporary crown taken out and put up.
goi-_qyD7UU,YW_WILTY_EP48_lie8,924,927,deception,"to demonstrate that it was, you know, fun."
goi-_qyD7UU,YW_WILTY_EP48_lie9,953,962,deception,i think i've got a geographical advantage on the donkey. because i don't think i'm being rude to say that she probably couldn't have matched this crazed beef.
goi-_qyD7UU,YW_WILTY_EP48_lie10,966,973,deception,"where the donkey was headed, sort of near there, and was able to intercept and grab the bit of string that's attached to a donkey's face."
goi-_qyD7UU,YW_WILTY_EP48_truth8,1001,1005,truth,leslie judd. the erm...
goi-_qyD7UU,YW_WILTY_EP48_truth9,1034,1037,truth,"a phone call from a friend. funnily enough, a cello case."
goi-_qyD7UU,YW_WILTY_EP48_lie11,1265,1268,deception,"molly, molly, molly, molly, i can tell you..."
txoRmRLHD-E,YW_WILTY_EP49_truth2,163,167,truth,i've gone in to put the snow cans back after what i then realised i'd done.
txoRmRLHD-E,YW_WILTY_EP49_truth3,171,181,truth,this is a story from a british comedy game show. this is a story from a british comedy game show. this is a story from a british comedy game show. this is a story from a british comedy game show. this is a story from a british comedy game show. this is a story from a british comedy game show. this is a story from a british comedy game show. this is a story from a british comedy game show. this is a story from a british comedy game show. this is a story from a british comedy game show. this is a story from a british comedy game show. this is a story from a british comedy game show. this is a story from a british comedy game show. this is a story from a british comedy game show.
txoRmRLHD-E,YW_WILTY_EP49_truth4,259,262,truth,"and there it was, looking awful. and i just went..."
txoRmRLHD-E,YW_WILTY_EP49_truth5,466,470,truth,"right, i get the towel and i do 50 on the towel."
txoRmRLHD-E,YW_WILTY_EP49_lie1,682,685,deception,"i then just sort of stand back, make sure it's appreciated."
txoRmRLHD-E,YW_WILTY_EP49_lie4,979,983,deception,but their night vision isn't very good and that's why we decided to try it.
txoRmRLHD-E,YW_WILTY_EP49_lie5,993,998,deception,they're just not necessarily going to worry too much about whether you're made out of polyester.
txoRmRLHD-E,YW_WILTY_EP49_truth7,1134,1142,truth,promoting a range of foods. the viva italia bellicatessen range. i don't know if you remember when safeway's run.
txoRmRLHD-E,YW_WILTY_EP49_truth9,1163,1168,truth,i've been feasting on the viva italia...
txoRmRLHD-E,YW_WILTY_EP49_lie7,1303,1307,deception,
txoRmRLHD-E,YW_WILTY_EP49_lie8,1345,1353,deception,
txoRmRLHD-E,YW_WILTY_EP49_truth10,1500,1507,truth,the first two is to be hyper aware of any pen that i've...
txoRmRLHD-E,YW_WILTY_EP49_truth11,1514,1522,truth,"in the bounds of a reasonable interpretation of the law, to purloin or otherwise obtain"
txoRmRLHD-E,YW_WILTY_EP49_truth12,1540,1543,truth,what i want to say is absolute...
txoRmRLHD-E,YW_WILTY_EP49_truth13,1557,1560,truth,
txoRmRLHD-E,YW_WILTY_EP49_truth14,1563,1567,truth,and then i'm thinking about it constantly until it is returned.
FvHR_5rI8NY,YW_WILTY_EP50_lie1,131,134,deception,well that was the problem because you get attached to a potato.
FvHR_5rI8NY,YW_WILTY_EP50_lie3,149,158,deception,it was taken away from me and i cried and i cried and i cried but they threw it out. so it took me like another three or four weeks to get used to the new potato.
FvHR_5rI8NY,YW_WILTY_EP50_lie4,172,175,deception,i used to put it on the pillow like that and i used to bash it.
FvHR_5rI8NY,YW_WILTY_EP50_lie6,222,226,deception,"and she probably said to mrs. marks, did any of your children ever want to sleep?"
FvHR_5rI8NY,YW_WILTY_EP50_truth1,310,316,truth,"well, she was actually my first girlfriend. her name was, presumably is, kate."
FvHR_5rI8NY,YW_WILTY_EP50_truth3,367,372,truth,"this is amazing, right? the regular meat, which is the..."
FvHR_5rI8NY,YW_WILTY_EP50_truth5,399,403,truth,then i went to the store room and i sat on a box of gherkins.
FvHR_5rI8NY,YW_WILTY_EP50_lie7,604,607,deception,"the best moment of me ever getting them mixed up, i call them both barry."
FvHR_5rI8NY,YW_WILTY_EP50_truth6,612,616,truth,i once used them to convince an audience i could teleport.
FvHR_5rI8NY,YW_WILTY_EP50_lie8,621,626,deception,this is robert and will. i was a judge at the identical twins of the year.
FvHR_5rI8NY,YW_WILTY_EP50_lie10,659,665,deception,but i think there's a sort of magazine or trade magazine or it's part or there was some... a trade magazine?
FvHR_5rI8NY,YW_WILTY_EP50_lie11,680,683,deception,"well, it's the physical lookalike thing, like ham."
FvHR_5rI8NY,YW_WILTY_EP50_lie12,687,691,deception,it's a game like mr and mrs type.
FvHR_5rI8NY,YW_WILTY_EP50_lie13,710,713,deception,the idea of the show was picking them up to take them home.
FvHR_5rI8NY,YW_WILTY_EP50_truth7,889,893,truth,a british comedy show.
FvHR_5rI8NY,YW_WILTY_EP50_truth8,935,938,truth,
FvHR_5rI8NY,YW_WILTY_EP50_truth10,955,959,truth,the audience give me a big round of applause. that's actually quite good.
FvHR_5rI8NY,YW_WILTY_EP50_truth11,1225,1228,truth,"i wanted to donate something, i thought it'd be quite nice to have..."
FvHR_5rI8NY,YW_WILTY_EP50_truth12,1395,1400,truth,to my aunt and uncles where i was having christmas.
FvHR_5rI8NY,YW_WILTY_EP50_truth13,1413,1416,truth,i broke enormous wind.
FvHR_5rI8NY,YW_WILTY_EP50_truth14,1429,1433,truth,"i don't think it did, which is what made it so fun."
FvHR_5rI8NY,YW_WILTY_EP50_truth15,1438,1443,truth,i think my sister was there and i thought oh no she's been lumbered.
XOOe7-3jptw,YW_WILTY_EP51_truth1,140,147,truth,"i didn't eat every meal, but i ate on one of the meals, one at lunchtime, one at snack."
XOOe7-3jptw,YW_WILTY_EP51_truth2,211,217,truth,"it was in spain, right? i'd rented a villa and i had to go and do my own shopping."
XOOe7-3jptw,YW_WILTY_EP51_truth3,221,225,truth,"i don't speak spanish, not that well anyway. and i brought it back and that was..."
XOOe7-3jptw,YW_WILTY_EP51_lie1,339,342,deception,i got off the end and then i...
XOOe7-3jptw,YW_WILTY_EP51_lie2,575,578,deception,tony. this is my uncle tony and last year i asked...
XOOe7-3jptw,YW_WILTY_EP51_lie3,589,594,deception,"when i was little, he used to help me get to sleep by telling me bedtime stories about..."
XOOe7-3jptw,YW_WILTY_EP51_lie4,648,655,deception,i was going to play a psychopath in a film. a psychopath on a mobility...
XOOe7-3jptw,YW_WILTY_EP51_lie5,687,691,deception,it was quite self-evident how one drove this thing.
XOOe7-3jptw,YW_WILTY_EP51_truth4,825,834,truth,"fair and tony wouldn't mind me saying that he, when i played with him, he'd have been probably in his, i think he was in his early 70s."
XOOe7-3jptw,YW_WILTY_EP51_lie6,911,915,deception,"it started when he was babysitting, but he'd come around quite a bit anyway."
XOOe7-3jptw,YW_WILTY_EP51_lie8,958,964,deception,they had to compile and analyse and place photographs of the japanese coastline.
XOOe7-3jptw,YW_WILTY_EP51_lie9,1388,1393,deception,not really. i sort of made eye contact with him when we were both buying fireworks once.
XOOe7-3jptw,YW_WILTY_EP51_truth5,1531,1535,truth,"not directly, but slightly behind the television. have you just had to have a...?"
XOOe7-3jptw,YW_WILTY_EP51_truth6,1552,1555,truth,in a sort of inviting way that you might want to give a twist.
9vYm2nB7qX8,YW_WILTY_EP52_truth1,124,130,truth,"i think that if i throw it in the morning, i'll remember what it was that i was trying to remember."
9vYm2nB7qX8,YW_WILTY_EP52_truth4,340,347,truth,this guy wrote in an additional name in his register.
9vYm2nB7qX8,YW_WILTY_EP52_truth5,363,369,truth,"well, that would have been a problem. right. but he was..."
9vYm2nB7qX8,YW_WILTY_EP52_lie1,582,586,deception,a picture circus. i remember where i was going at.
9vYm2nB7qX8,YW_WILTY_EP52_lie2,832,837,deception,i was asked to perform the operation after i swallowed one of the pieces from the board game.
9vYm2nB7qX8,YW_WILTY_EP52_lie3,843,853,deception,"was kevin, but he is such a big eastenders fan that last year he changed his name by deed pol to albert square."
9vYm2nB7qX8,YW_WILTY_EP52_lie4,906,909,deception,i have a friend who has...
9vYm2nB7qX8,YW_WILTY_EP52_lie7,1016,1021,deception,was it just a small camera with a little grabber on the end that went down there and grabbed it and put it out?
9vYm2nB7qX8,YW_WILTY_EP52_lie8,1038,1043,deception,we see our fans a lot. they... kevin waits outside. sorry.
9vYm2nB7qX8,YW_WILTY_EP52_truth7,1111,1115,truth,"it wasn't a film role, it was in my situation comedy."
9vYm2nB7qX8,YW_WILTY_EP52_truth8,1149,1155,truth,it was in an adult movie and at the end i was hung upside down and whipped.
9vYm2nB7qX8,YW_WILTY_EP52_truth9,1370,1373,truth,"we were all there, all together, and we sat in this position."
9vYm2nB7qX8,YW_WILTY_EP52_truth10,1381,1385,truth,"i haven't been quite a lot when i'm at home, when i'm not doing a telly show. and then i'll get rid of it."
9vYm2nB7qX8,YW_WILTY_EP52_truth11,1408,1412,truth,i'll shave the beard off so he doesn't think and there's no unsaid ten...
9vYm2nB7qX8,YW_WILTY_EP52_truth12,1527,1531,truth,i was flicking through a magazine of interiors.
bOPYvXBO7bE,YW_WILTY_EP53_truth1,115,121,truth,um... it was called snorkel parker music practices.
bOPYvXBO7bE,YW_WILTY_EP53_truth2,125,128,truth,"myself and several friends, we all had..."
bOPYvXBO7bE,YW_WILTY_EP53_truth3,141,146,truth,you can zip it up so it comes right up and so only your eyes are visible.
bOPYvXBO7bE,YW_WILTY_EP53_truth4,242,245,truth,and they tell you to go away so you would all duck down away and then you'd leave it.
bOPYvXBO7bE,YW_WILTY_EP53_truth7,560,563,truth,"lord, protect this badger. or worse than that."
bOPYvXBO7bE,YW_WILTY_EP53_truth8,587,591,truth,"went back home, started drinking again."
bOPYvXBO7bE,YW_WILTY_EP53_lie1,665,672,deception,"because i felt so sorry for them, was i would sort of pour the water away and like half the food and stick it in the rubbish under some..."
bOPYvXBO7bE,YW_WILTY_EP53_lie2,685,688,deception,pictures framed pictures of him when he was alive and when he...
bOPYvXBO7bE,YW_WILTY_EP53_lie4,846,856,deception,when i was a cub she was the arkayla and she had to take me out of the scout hut once for asking too many questions when we were being given a talk by the police.
bOPYvXBO7bE,YW_WILTY_EP53_truth9,863,870,truth,"this is pauline, she's my mum. she once drove past me when i was having my first fight and got out of her car to..."
bOPYvXBO7bE,YW_WILTY_EP53_truth10,893,903,truth,"i honestly can't remember his name. he was a lad, and he was in the year above me. and i remember he had fairly distinctive red hair."
bOPYvXBO7bE,YW_WILTY_EP53_truth11,971,975,truth,"what's going on? and thought, oh, it's good that my son is avenging chinese dave's..."
bOPYvXBO7bE,YW_WILTY_EP53_truth12,1008,1012,truth,"i spat polos everywhere and my mum went, oh no it's teeth!"
bOPYvXBO7bE,YW_WILTY_EP53_truth13,1021,1025,truth,it's a bit of a collective history because she was in a play fight with my dad.
bOPYvXBO7bE,YW_WILTY_EP53_lie5,1060,1064,deception,i was asking about various issues involved in fighting.
bOPYvXBO7bE,YW_WILTY_EP53_lie6,1071,1074,deception,"there was a problem, i felt."
bOPYvXBO7bE,YW_WILTY_EP53_lie7,1097,1101,deception,i'm very aware of the security measures in all of those flats in...
bOPYvXBO7bE,YW_WILTY_EP53_lie8,1105,1109,deception,how can we keep burglars out if we don't have...
bOPYvXBO7bE,YW_WILTY_EP53_lie9,1112,1116,deception,"i can't keep out of determined burglar. and i was saying, well, why do we lock the door?"
bOPYvXBO7bE,YW_WILTY_EP53_lie10,1120,1125,deception,trying to get on with the talk and maybe the questions would happen at the end and maybe they wouldn't all be asked by...
bOPYvXBO7bE,YW_WILTY_EP53_lie11,1180,1185,deception,"we met when there was a delay, as there often is at rap concerts, a sort of an hour delay."
bOPYvXBO7bE,YW_WILTY_EP53_lie12,1216,1219,deception,"no, in this delay, i went up to there's a little..."
bOPYvXBO7bE,YW_WILTY_EP53_lie13,1236,1246,deception,i'm playing scrabble on my phone.
8DnDiHE1cqo,YW_WILTY_EP54_truth1,136,142,truth,i think i was just taking photos of things in the flat and then thought i'd take a photo of me.
8DnDiHE1cqo,YW_WILTY_EP54_truth2,189,193,truth,i'm the only one that seems to be more tired than i feel better.
8DnDiHE1cqo,YW_WILTY_EP54_lie1,11,666,deception,"cheering and applause good evening and welcome to would i lie to you, the show with fantastical fibs and tantalising truths. and on david mitchell's team tonight, the news presenter whose accent has been described as sexy like warm honey, or, put another way, welsh. hugh edwards! cheering and applause and the star of the sarah millican television programme, i'll keep you in suspense no longer, it's sarah millican! cheering and applause and on lee mack's team tonight, an actress who can convince you of anything. she told me earlier she's delighted to be on lee's team. it's josie lawrence! applause and a comedian, actor and former professional footballer who used to play with the likes of beckham, lineker and shearer. and if bert beckham, arthur lineker and frank shearer are watching, he says hi. it's bradley walsh! applause so, we begin with round one, home truths, where our panellists read out a statement from the card in front of them. to make things harder, they've never seen the card before, they have no idea what they'll be faced with. it's up to the opposing team to sort the fact from the fiction. and sarah is first up. sarah. when i'm feeling tired, i photograph myself to see how tired i look. i then compare this photograph with other photographs i've taken of myself when i felt tired. to see how tired i really am. laughter lee's team, what do you think? where did this begin, sarah? erm, probably three or four years ago. how? er, boredom. laughter the first time you did it, what brought that on? i think i was just taking photos of things in the flat and then thought i'd take a photo of myself. and when you say tired, do you feel like your eyes are... ..or just a little bit tired? well, it depends. it can depend. sometimes i'm a little bit tired, sometimes i'm really, really tired. if you're wearing glasses and taking photographs, of course, that will disguise the tiredness in your eyes. do you want me to take them off now? yes. yes, please do, yeah. just do a pretend one for us, sarah. oh, she looks very tired. that's it. that's it. to be fair, she looks absolutely knackered. you do look. do that face again. what would you give yourself from 1 to 10 if 1 is not very tired? i can't see it. that's why i take the 4 off. laughter applause applause when you look at these pictures, how do they make you feel? well, sometimes, if i think i'm really tired and i take a photo of myself and then i compare it with another, much earlier tired one that seems to be more tired, then i feel better. laughter do you ever do whilst you're asleep? there we go. you've not realised you've done it? no, i eat a lot in the night, but i've never taken a photo. not as you're sleeping though, sarah, surely. you're not shoveling it in from the bedside table as you sleep. no, but i do wake up in the morning with less biscuits than i thought i had. so what are you going to say, lee? is this the truth or has she made it up? i think it's true. josie thinks it's true. i think she's lying and i think it's a lie because i don't think sarah's, a, that ridiculous or, b, that vain. well, we're in trouble if it's true, then, aren't we? so, lee, what are you going to say? i'll say... i'll go with josie, say it's true. you're going to say it's true? right. sarah, was it the truth or was it a lie? it was...true. very good. well, congratulations, josie. thank you. thank you. and the exciting thing is... ..not only is it true, we have the evidence. take a look at this. laughter now, sarah, how do you rate... how do you rate that one? that's a good 7 out of 10. you know, that's been a hell of a day, hasn't it? yeah. all right, let's go on now to snap number 2. that is... that's different, cos that's happy tired. can you see? can you see that it's happy tired? that's happy tired? let's have a look at number 3. were you on the drip there? were you being kept alive in that one? that is the worst one. i couldn't even bother to hide my bra strap. yes, it's true. sarah does photograph herself to see how tired she looks. i'm terrible after a late night. you know, some mornings i barely recognise the old man looking back at me in the mirror, or remember why i invited him home in the first place. right, hugh, you're next. i have an evil eye that i use on my colleagues during broadcasts when i want them to move on. now, when you say your colleagues, who in particular? because don't you read the news on your own? it's a very lonely job. you mean correspondents, don't you? colleagues who might be correspondents. nick robinson, for example? oh, i see. oh, i see. robert peston, for example? people who've come in to drone on about something endlessly. all right, well, lee, i'll tell you what, you be a correspondent. i'll be a correspondent. ok? and then you do your evil eye. you mentioned robert peston going on and on about, you know, the world coming to an end. i've got to stop him talking. right. in news today, we believe that there's there's a chance that the... oh, my god! that's it. do it again. you've got to start again. i can't do it in silence. one day the ice caps were melting once again and we found that... that's not what a correspondent says. a correspondent doesn't say in the news today. you've got to talk about the euro. oh, i'm sorry, david. talk about the euro. i'm sorry, i didn't realise i was going to have to be method. talk about the euro and do it with some level of insight. you've got to see. i will. i will. today... today? when you'll start today... all right, then, tomorrow... we're not going to our economic correspondence. what are you saying? today? all right, then, forget it. tomorrow, do you know what i heard? that the euro... ah! it is good. david can't see it. do it to david. there are gradations on it. david, david, wait. do it properly. pretend you're a sports correspondent. laughter you're talking about the carling cup final last year. david. today? not today. not today! no, not today! today in the football, once again they were kicking it... oh, god! it does work. it does work. some of them are very, very resistant to it. you're on the bbc version of medusa, are you not? i have to stop these people. they have to be stopped. you said there are gradations. that's right, rob. ok, so let's see minor irritation. you see that? well, i barely noticed it. well, exactly. that's a nervous twitch. no, it's not. ok, medium, medium. that's good. i like that. ok, and then full on. handle the head down. if i handle the head down, that is serious. i suppose the problem is, i was going to say, if you're really not interested, you raise both eyebrows, but it's going to backfire, isn't it? no, there's a different one i use. he's fascinated by this. yes, that's interesting. wow, this is interesting. there's always the turn your back on them technique, which i have used as well, well, robert peston still carries on. laughter oh, i have done. so, rob, you're now robert peston. so you've got to say, quantitative easing. quantitative easing, you know, will it work? it's hard to say, hugh, and at the end of the day, we won't know until tuesday, when the chancellor is going to give us his report. now, the word is that that report is going to contain many of the ingredients that we've already seen. but until it's released, we won't know. and don't forget that there's always the opportunity a shadow chancellor to put forward his proposal. we won't know until wednesday. why wednesday, you ask? well, wednesday is the day when the report will be presented. our business editor, rob brydon, thank you very much indeed. so, what do you think? what do you think? you think it's true? lie. absolutely. lie, lie, lie. you think it's a lie? lie. he's too lovely. he really is. he's like a big old cuddly welsh bear. oh, really? i mean old in the loveliest sense rather than in the old sense. laughter lie. you think it's a lie? why lie, bradley? why lie? because you can. no, i mean, why do you think this is a lie? laughter he's a very solitary person on television. i see hugh in my living room. he's on his own. he's never given me the evil eye. so, truth or lie? lie. ok, my teeth say lie. they say it's a lie. hugh, was it the truth or was it a lie? you should know that i am programmed by the bbc to tell the truth. oh! applause wow. yes, it's true. different news presenters have their own little techniques. fiona bruce will incline her head to one side, emily maitlis will cough, and jeremy paxman will grab you by the lapels and tell you to shut it or he'll glass you. laughter bradley, you're next. oh, ok. here we go. whilst fulfilling a lifelong dream of swimming with dolphins, i had to punch one of them on the nose because i firmly believed it was trying to remove my trunks. david, where and when? florida. when? 2005. 2005? yes. what was this dolphin doing? you're swimming along. i've never swum with dolphins. he's getting off on this. i've never swum with... i want a rousing as possible, a blow-by-blow, if it came to that, an account of what this particular saucy bottle nose did around your trunks. ok, erm... gun cocks laughter laughter get them off! get them off! please, please, stop, cos i have nightmares about it. i'm giving you flashbacks. i have flashbacks, flashbacks. you have to hold onto the dolphin's fins like this and they propel you across the water, so you're in tandem with dolphins. this is in the sea? well, it was like a sea world place. and i was being propelled across the water, or dragged across the water by these dolphins. holding them by the dorsal fins. indeed. i got to the other side of the the tank that we were in and one swam left and"
8DnDiHE1cqo,YW_WILTY_EP54_truth3,808,814,truth,"this is paul, my school friend, who loved..."
8DnDiHE1cqo,YW_WILTY_EP54_truth4,862,869,truth,because he loved mashed potatoes so much and i was his friend and he wasn't brave enough.
8DnDiHE1cqo,YW_WILTY_EP54_truth5,15,905,truth,"cheering and applause good evening and welcome to would i lie to you, the show with fantastical fibs and tantalising truths. and on david mitchell's team tonight, the news presenter whose accent has been described as sexy and like warm honey, or, put another way, welsh. hugh edwards! cheering and applause and the star of the sarah millican television programme, i'll keep you in suspense no longer, it's sarah millican! cheering and applause and on lee mack's team tonight, an actress who can convince you of anything. she told me earlier she's delighted to be on lee's team. it's josie lawrence! cheering and applause and a comedian, actor and former professional footballer who used to play with the likes of beckham, lineker and shearer. and if bert beckham, arthur lineker and frank shearer are watching, he says hi. it's bradley walsh! cheering and applause so, we begin with round one, home truths, where our panellists read out a statement from the card in front of them. to make things harder, they've never seen the card before, so they've no idea what they'll be faced with. it's up to the opposing team to sort the fact from the fiction. and sarah is first up. sarah. when i'm feeling tired, i photograph myself to see how tired i look. i then compare this photograph with other photographs i've taken of myself when i felt tired. to see how tired i really am. laughter lee's team, what do you think? when did this begin, sarah? probably three or four years ago. how? er, boredom. laughter the first time you did it, what brought that on? i think i was just taking photos of things in the flat and then thought i'd take a photo of myself. and when you say tired, do you feel like your eyes are... ..or just a little bit tired? well, it depends. it can depend. sometimes i'm a little bit tired, sometimes i'm really, really tired. if you're wearing glasses and taking photographs, of course, that will disguise the tiredness in your eyes. do you want me to take them off now? yes. please do, yeah. just do a pretend one for us, sarah. that's it. that's it. to be fair, she looks absolutely knackered. you look... you do look. do that face again. what would you give yourself from 1 to 10 if 1 is not very tired? i can't see it. that's why i take the 4 off. when you look at these pictures, how do they make you feel? well, sometimes, if i think i'm really tired and i take a photo of myself and then i compare it with another, much earlier tired one that seems to be more tired, then i feel better. laughter do you ever do whilst you're asleep? there we go. laughter you've not realised you've done it? no, i eat a lot in the night, but i've never taken a photo. laughter not as you're sleeping, though, sarah, surely. no, but i... you're not shoveling it in from the bedside table as you sleep. no, but i do wake up in the morning with less biscuits than i thought i had. so what are you going to say, lee? is this the truth or has she made it up? i think it's true. josie thinks it's true. i think she's lying and i think it's a lie because i don't think sarah's, a, that ridiculous or, b, that vain. well, we're in trouble if it's true, then, aren't we? so, lee, what are you going to say? i'll say... i'll go with josie, say it's true. you're going to say it's true? right, sarah, was it the truth or was it a lie? it was true. very good. well played. applause and the exciting thing is, not only is it true, we have the evidence. take a look at this. laughter now, sarah, how do you rate that one? that's a good seven out of ten. laughter that's been a hell of a day, hasn't it? yeah. all right, let's go on now to snap number two. laughter that's different, cos that's happy tired. can you see? can you see that it's happy tired? let's have a look at number three. laughter were you on a drip there? were you being kept alive in that one? that is the worst one. i couldn't even be bothered to hide me bra strap. laughter yes, it's true. does photograph herself to see how tired she looks. i'm terrible after a late night. some mornings i barely recognise the old man looking back at me in the mirror. or remember why i invited him home in the first place. laughter right, hugh, you're next. i have an evil eye that i use on my colleagues during broadcasts when i want them to move on. now, when you say your colleagues, who in particular? because don't you read the news on your own? it's a very lonely job. you mean correspondents, don't you? colleagues who might be correspondents. nick robinson, for example. oh, i see. outside, robert peston, for example. people who've come in to drone on about something endlessly. all right, well, lee, i'll tell you what. you be a correspondent. i'll be a correspondent. and then you do your evil eye. you mentioned robert peston going on and on about, you know, the world coming to an end. i've got to stop him talking. right. in news today, we believe that there's a chance that the... oh, my god! laughter that's it. do it again. you've got to start again. i can't do it in silence. today, the ice caps were melting once again and we found that... that's not what a correspondent says. it's not realistic. a correspondent doesn't say in the news today. you've got to talk about the euro. oh, i'm sorry, david. talk about the euro. i didn't realise i was going to have to be method. talk about the euro and do it with some level of insight. you've got to say... right, i will. i will. today... today? when do we start? today? yes. all right, dave, tomorrow. we're going to our economic correspondence. what are you saying? today? all right, then. all right, then, forget it. tomorrow? do you know what i heard? that the euro... ah! it is good. david can't see it. do it to david. there are creditions on it. david, david, wait. do it properly. pretend you're a sports correspondent. laughter you're talking about the carling cup final last year. david. today? not today. not today! no, not today! today in the football, once again they were kicking it... oh, god! it does work. it does work. some of them are very, very resistant to it. you're on the bbc version of medusa, are you not? i have to stop these people. they have to be stopped. you said there are gradations. that's right, rob. ok, so let's see minor irritation. you see that? well, i barely noticed it. well, exactly. that's a nervous twitch, surely. no, it's not. ok, medium, medium. that's good. i like that. ok, and then full on. just angle the head down. if i angle the head down, that is serious. i suppose the problem is... it really is. i was going to say, if you're really not interested, you raise both eyebrows, but it's going to backfire, isn't it? no, there's a different one i use. he's fascinated by this. yes, that's going to be interesting. wow, this is interesting. there's always the turn your back on them technique, which i have used as well, robert peston still carries on. you don't really turn up. oh, i have done. so, rob, you're now robert peston. so you've got to say, quantitative easing. quantitative easing, you know, will it work? it's hard to say, hugh, and at the end of the day, we won't know until tuesday when the chancellor is going to give us his report. now, word is that that report is going to contain many of the ingredients that we've already seen. but until it's released, we won't know. and don't forget that there's always the opportunity with a shadow chancellor to put forward his proposal. we won't know until wednesday. why wednesday, you ask? well, wednesday is the day when the report will be presented. our business editor, rob brydon, thank you very much indeed. so, what do you think? what do you think? you think it's true? right. absolutely right. lie, lie, lie. you think it's a lie? he's too lovely. he really is. he's like a big old cuddly welsh bear. oh, really? i mean old in the loveliest sense rather than in the old sense. laughter lie. do you think it's a lie? why lie, bradley? why lie? because you can. no, i mean, why do you think this is a lie? laughter he's a very solitary person on television. i see hugh in my living room. he's on his own. he's never given me the evil eye. so, truth or lie? lie. ok, my tooth say lie. you say it's a lie. hugh, was it the truth or was it a lie? you should know that i am programmed by the bbc to tell the truth. oh! applause wow. yes, it's true. different news presenters have their own little techniques. fiona bruce will incline her head to one side, emily maitlis will cough, and jeremy paxman will grab you by the lapels and tell you to shut it or he'll glass you. laughter bradley, you're next. oh, ok. here we go. whilst fulfilling a lifelong dream of swimming with dolphins, i had to punch one of them on the nose because i firmly believed it was trying to remove my trunks. david, where and when? florida. when? 2005. 2005? yes. what was this dolphin doing? you're swimming along. i've never swum with dolphins. he's getting off on this. i've never swum with... i want a rousing as possible, a blow-by-blow, if it came to that, an account of what this particular saucy bottle nose did around your trunks. ok, erm... gun cocks laughter laughter get them off! get them off! please, please, stop, cos i have nightmares about it. i'm giving you flashbacks. i have flashbacks, flashbacks. you have to hold onto the dolphins' fins like this and they propel you across the water, so you're in tandem with dolphins. this is in the sea? well, it was like a sea world place. and i was being propelled across the water, or dragged across the water by these dolphins. holding them by the dorsal fins. indeed. i got to the other side of the the tank that we were in and one swam left and the other one came around and was poking me in the back and so consequently i thought the lady dolphin not the lady instructor lady she said just shoo him away. so i went off it shoes shoe and all of a sudden it actually ran its its nose down the back, down like the... i've got a crevice in my spine, right the way down, and my trunks are starting to go south. at which point... when you say you've got a crevice in your spine, you're not getting mixed up with the bottom, are you? laughter as i turned round, i went like that and caught the dolphin right on the nose and it startled the dolphin and the dolphin swam off. you've been back to seaworld then in the meantime? yes, i've been back, yeah. and swimming with dolphins again after that rosy experience? i went with a charity. what had happened to you? did you have an illness? no, i didn't. no, i didn't. i... i did. so, what are you thinking, david? what's wrong with you? what are you thinking? it's pervy and a bit creepy, isn't it? but it's perfectly believable. never mind the other two on your team. what do you think? it's perfectly believable. i didn't believe it at all to start with and now i believe it a bit. laughter i think he seems quite ashamed of it, which makes me think it might be true. he's a good-looking fella, i can see, you know, what they were thinking. laughter we think it's true. the team are in agreement. ok. bradley walsh, were you telling us the truth or was it a lie? rob brydon, it is a total lie. applause applause yes, it's a lie. bradley didn't punch a dolphin on the nose because he believes it was trying to remove his trunks. our next round is called this is my, where we bring on a mystery guest who has a close connection to one of our panellists. now, this week, each of lee's team will claim it's them that has the genuine connection to the guest, and it's up to david's team to spot who's telling the truth. so please welcome this week's special guest, paul. applause applause right, bradley, what is paul to you? this is paul, my school friend, who loved mashed potato so much that i used to steal it off teachers' plates for him. ok. josie, how do you know paul? this is paul, and he taught me the carrot technique for giving up smoking. laughter finally, lee, your relationship to paul. this is my milkman, paul. i came down one morning to find he'd left 88 pints of milk on my doorstep. laughter so, there we are. bradley's mr potato head, josie's carrot counsellor or lee's mixed-up milkman david, where do you start? matt, all right, matt potato. why did you see it as your role to obtain mashed potato for paul? because he loved mashed potato so much and i was his friend. and he wasn't brave enough. how did you steal it without the teachers' notice? i stole it when the teachers weren't looking. laughter how many teachers did you steal mashed potato from, and on how many separate occasions? describe the scale and nature of the scam. laughter five years i've had this. laughter no, what happened was the, erm... teachers' dinners had mashed potato on them."
8DnDiHE1cqo,YW_WILTY_EP54_truth6,954,957,truth,in that dining area would then swap over and have...
8DnDiHE1cqo,YW_WILTY_EP54_truth7,961,965,truth,that were going to the other teachers had mash on them.
8DnDiHE1cqo,YW_WILTY_EP54_lie3,999,1003,deception,this is my plumber. yeah. and is...
8DnDiHE1cqo,YW_WILTY_EP54_lie4,1019,1024,deception,but i'll show you what i do do. and he add a packet of ciggies with a little plastic.
8DnDiHE1cqo,YW_WILTY_EP54_lie5,1126,1130,deception,i made a mistake. i meant to put 88 bottles and i hit it and i put 88.
8DnDiHE1cqo,YW_WILTY_EP54_lie7,1347,1350,deception,"i mean, hardly ever. hardly ever. i mean, it's..."
8DnDiHE1cqo,YW_WILTY_EP54_lie8,1371,1378,deception,"i genuinely don't know what it is, but it's to do with something that's in coffee that's not in teeth."
m5YR12v8bMA,YW_WILTY_EP55_lie1,142,152,deception,"i'm going to serve maggie her food. what i do is i bring the food to the people on the dining bus, rather than go round to individual caravans or changing rooms."
m5YR12v8bMA,YW_WILTY_EP55_lie3,186,190,deception,"no, i would never dream of doing that because i'm in the bubble."
m5YR12v8bMA,YW_WILTY_EP55_truth1,405,410,truth,i don't want to have to have an awkward moment with my dad introducing him to this girl.
m5YR12v8bMA,YW_WILTY_EP55_truth2,484,490,truth,
m5YR12v8bMA,YW_WILTY_EP55_truth4,627,630,truth,this is benji. he's helping me to...
m5YR12v8bMA,YW_WILTY_EP55_truth5,633,636,truth,which is to do the splits.
m5YR12v8bMA,YW_WILTY_EP55_lie4,639,649,deception,this is benji and last year he hypnotised me and a friend so that we could watch the harry potter films as though we'd never seen them before.
m5YR12v8bMA,YW_WILTY_EP55_lie5,674,678,deception,because he always gives me two flakes in my night.
m5YR12v8bMA,YW_WILTY_EP55_truth6,697,701,truth,he's helping me to get flexible. you need to be...
m5YR12v8bMA,YW_WILTY_EP55_truth7,731,736,truth,"it's a box split. which is that where you're facing forwards, not at all."
m5YR12v8bMA,YW_WILTY_EP55_truth8,737,741,truth,"if it's that way, not bad."
m5YR12v8bMA,YW_WILTY_EP55_lie6,805,808,deception,he charges me £1.50.
m5YR12v8bMA,YW_WILTY_EP55_lie7,826,830,deception,my thoughts were a mixture of pleasure and embarrassment.
m5YR12v8bMA,YW_WILTY_EP55_lie9,932,939,deception,"in this scenario, it wasn't me. and i think actually it wasn't the first time. i wasn't given the name two flakes by ben jus..."
m5YR12v8bMA,YW_WILTY_EP55_lie10,961,967,deception,benji hypnotised me and a friend so that we could watch the harry potter films like we'd never seen them before.
m5YR12v8bMA,YW_WILTY_EP55_lie12,999,1006,deception,"i said, what else have you done? you know, hypnotize other people to do other things. he said, yeah, well, he'd done it to someone that had woken up."
m5YR12v8bMA,YW_WILTY_EP55_lie13,1218,1222,deception,a place on the kilburn high road. i don't know the name of it.
m5YR12v8bMA,YW_WILTY_EP55_lie14,1225,1229,deception,it's like a sort of second hand furniture junk.
m5YR12v8bMA,YW_WILTY_EP55_lie16,1306,1314,deception,the fact that he was saying things i didn't understand. the fact that i was just in general stressed at talking to someone i hadn't been formally introduced to.
vgwUFePSlXI,YW_WILTY_EP56_lie1,146,150,deception,"well, i mean, for example, if you came in and started talking about not going out, obviously you'd have to..."
vgwUFePSlXI,YW_WILTY_EP56_lie2,170,177,deception,"it's a thing about fiscal policy out of the financial times. and judy said after about three seconds, jar."
vgwUFePSlXI,YW_WILTY_EP56_lie3,357,361,deception,you would have to over your mouth. i've done that by utilising the cloning.
vgwUFePSlXI,YW_WILTY_EP56_lie4,386,389,deception,"i'll admit it's a lot better. in fact, it..."
vgwUFePSlXI,YW_WILTY_EP56_lie6,640,644,deception,this is still quite red and we all noticed that actually that nothing had really been
vgwUFePSlXI,YW_WILTY_EP56_lie8,684,688,deception,"no, we had purple shoes. this was the livery of this rather chic..."
vgwUFePSlXI,YW_WILTY_EP56_lie9,709,712,deception,this is a rather large carry house in milton keynes.
vgwUFePSlXI,YW_WILTY_EP56_lie10,724,728,deception,and to a sort of mini taj mahal building in milford.
vgwUFePSlXI,YW_WILTY_EP56_lie11,732,740,deception,"in sitting there for quite a long time we hadn't noticed, eventually we spotted where andy murray, mrs murray and someone who i can only imagine."
vgwUFePSlXI,YW_WILTY_EP56_lie12,829,833,deception,"limit to the amount of undressing required. i mean, i take my top off."
vgwUFePSlXI,YW_WILTY_EP56_lie13,921,927,deception,"i think it's partly practical, partly yes of course."
vgwUFePSlXI,YW_WILTY_EP56_lie14,1026,1031,deception,i was playing with my daughter and her friends and sort of playing frisbee.
vgwUFePSlXI,YW_WILTY_EP56_lie15,1074,1081,deception,"somebody there when they met me and was convinced by my wife, we took it there, that i wasn't scottish, said, tried to calm me down and said it was..."
vgwUFePSlXI,YW_WILTY_EP56_truth2,1311,1318,truth,"i went to the urinal, the door closed, and then i'm now stuck in that toilet for half an hour."
vgwUFePSlXI,YW_WILTY_EP56_truth3,1322,1325,truth,...and it was late at night and the building had...
vgwUFePSlXI,YW_WILTY_EP56_truth5,1341,1345,truth,i started getting a bit confused. i went back to what i thought was the...
vgwUFePSlXI,YW_WILTY_EP56_truth6,1361,1364,truth,the show is about a man who is a
vgwUFePSlXI,YW_WILTY_EP56_lie16,1432,1436,deception,"in fact, he knelt and he was quiet as a mouse. he was very good."
vgwUFePSlXI,YW_WILTY_EP56_lie17,1464,1468,deception,"it didn't have the hoops, but it had a very full skirt."
vgwUFePSlXI,YW_WILTY_EP56_lie18,1478,1488,deception,three minute piece. so the first two minutes was absolutely fine and then i went and rattled on about normal racing stuff and then he started to giggle and that's what gave it away but because we got two of the three minutes the bet was...
vgwUFePSlXI,YW_WILTY_EP56_lie19,1491,1498,deception,hello and welcome to royal ascot. we've had a stunning first day here with a win for frankie dottori. we saw his flying dismount and then his first squeak then.
mkcL-pW0MYk,SB_WILTY_EP29_lie1,87,91,deception,driving lesson and i reversed through a chip shop window.
mkcL-pW0MYk,SB_WILTY_EP29_lie2,96,103,deception,"well, this is drak, the roadie that left me gaffer taped to a lighting rig for over an hour."
mkcL-pW0MYk,SB_WILTY_EP29_lie3,109,114,deception,we've invited him with first prize at the national pie awards 2009.
mkcL-pW0MYk,SB_WILTY_EP29_lie5,132,136,deception,it's various pies. you don't just have one pie. it's not like...
mkcL-pW0MYk,SB_WILTY_EP29_lie6,140,144,deception,"so he was, he was, he won the overall, the big prize at the end, national pie make."
mkcL-pW0MYk,SB_WILTY_EP29_lie7,192,196,deception,"yeah, they'd voted on it. people had voted on it and there was like a pop chart."
mkcL-pW0MYk,SB_WILTY_EP29_truth3,285,291,truth,"no, i think it's just a build-up, i think, of absolute annoyance. over many weeks."
mkcL-pW0MYk,SB_WILTY_EP29_truth4,496,504,truth,i've had to prize open my bedroom door for the last two years ever since the door handle fell off.
mkcL-pW0MYk,SB_WILTY_EP29_truth5,509,513,truth,just my fingernails. laughter you have to go to the top of the...
mkcL-pW0MYk,SB_WILTY_EP29_truth6,533,537,truth,i'm absolutely the only person who ever needs to get in or out.
mkcL-pW0MYk,SB_WILTY_EP29_truth7,555,560,truth,"basically, it wouldn't, it's not really, you can't just screw it back on because the holes at the screw..."
mkcL-pW0MYk,SB_WILTY_EP29_lie10,703,709,deception,this is the first cutlery i used when i went on a special diet. it helped to make the portions on my plate seem big.
8oe8NUESnpA,SB_WILTY_EP31_lie1,103,110,deception,"in my garden, i have a life-sized statue of myself, a strider unicorn."
8oe8NUESnpA,SB_WILTY_EP31_lie2,119,127,deception,"a prop from a show i did. it's not made of stone, it's made from polystyrene or something. but it's been painted. it's a bit weather-walled."
8oe8NUESnpA,SB_WILTY_EP31_lie4,167,172,deception,"when this comes to an end, you may want to take one of those home."
8oe8NUESnpA,SB_WILTY_EP31_truth1,279,288,truth,"i once undertook a self-help course entitled, how to become taller."
8oe8NUESnpA,SB_WILTY_EP31_truth2,305,312,truth,"you know, it was a little routine i had to perform every morning against the wall, stretching up."
8oe8NUESnpA,SB_WILTY_EP31_truth3,320,324,truth,"talking about the real business, making me taller. and saying every day..."
8oe8NUESnpA,SB_WILTY_EP31_truth4,337,346,truth,"i was about sort of 14 or 15 and it was bought by my aunt, who was perhaps more worried about my..."
8oe8NUESnpA,SB_WILTY_EP31_truth5,437,444,truth,"when you were a teenager? the 1944, 1942."
8oe8NUESnpA,SB_WILTY_EP31_truth6,518,524,truth,i once spent an entire day on the asda shuttle bus just to have a day out.
8oe8NUESnpA,SB_WILTY_EP31_truth7,636,644,truth,"i got on because i thought it would take me home, but it didn't go anywhere near my house, so i just stayed on."
8oe8NUESnpA,SB_WILTY_EP31_lie5,781,788,deception,bound and gagged in a bunker on the golf course next to our house.
8oe8NUESnpA,SB_WILTY_EP31_truth8,795,802,truth,..and he refuses... laughter ..he refuses to drink pints because his hands...
8oe8NUESnpA,SB_WILTY_EP31_lie6,811,820,deception,he once asked me to watch the shop for ten minutes and by the time he came back i'd broken a window and there was a little boy who had his head stuck in a crisp hoax.
Ipb8dXlJqO4,SB_WILTY_EP32_lie1,3,8,deception,"the two dogs, they went into the bug, i thought, well, he's sniffing about that. and i went over there and..."
Ipb8dXlJqO4,SB_WILTY_EP32_lie2,19,24,deception,"i think he'd had a bit of a night the night before, so i tapped him on the cheeks."
Ipb8dXlJqO4,SB_WILTY_EP32_lie3,29,34,deception,"string around your ankles. you're really relieved came around, didn't you? and i took you back."
Ipb8dXlJqO4,SB_WILTY_EP32_lie4,48,52,deception,"get her on the phone to his friend, have them collected and off the bloody brain."
Ipb8dXlJqO4,SB_WILTY_EP32_lie5,65,70,deception,"we found that your wife was quite friendly with one of my daughters, i think."
Ipb8dXlJqO4,SB_WILTY_EP32_truth1,89,93,truth,he was the driver on several series of...
Ipb8dXlJqO4,SB_WILTY_EP32_truth2,124,131,truth,paul told me he always chooses to drink bottle beer. because when he holds a pint...
Ipb8dXlJqO4,SB_WILTY_EP32_lie6,170,175,deception,"well, you know, i was trying to shoot one of the windows because it was quite cold and that you had like quite a"
Ipb8dXlJqO4,SB_WILTY_EP32_lie7,199,206,deception,"it was at the end of the school time, sort of four o'clock, and there was a rush of little kids, and one of them just..."
Ipb8dXlJqO4,SB_WILTY_EP32_lie8,425,429,deception,as a child i used to play board games against a bucket with a face...
Ipb8dXlJqO4,SB_WILTY_EP32_lie9,437,442,deception,i called this bucket stephen tatlock.
Ipb8dXlJqO4,SB_WILTY_EP32_lie11,467,471,deception,"well, it was basically named after a friend of mine."
Ipb8dXlJqO4,SB_WILTY_EP32_lie12,500,506,deception,what can i say? my father saw me talking to a bucket and decided to accept that side of my...
Ipb8dXlJqO4,SB_WILTY_EP32_lie13,528,535,deception,"i meant to be stephen, but i found i had to roll for stephen. and stephen would need help moving."
Ipb8dXlJqO4,SB_WILTY_EP32_lie15,672,681,deception,last week i actually had to go into a shop and buy four candles.
Ipb8dXlJqO4,SB_WILTY_EP32_lie16,753,757,deception,he came back with four...
Ipb8dXlJqO4,SB_WILTY_EP32_lie17,767,771,deception,they were fork handles.
fWWJWsjclaQ,SB_WILTY_EP33_lie2,145,152,deception,what's your favourite activity to do with... i've always liked... just for a dog. i've always liked having my face licked by the family dog.
fWWJWsjclaQ,SB_WILTY_EP33_lie4,429,435,deception,i always test the temperature of my bath with my ear.
fWWJWsjclaQ,SB_WILTY_EP33_lie5,444,458,deception,"it amuses me to test it with my ear. and secondly, i'm a big fan of the bath and i like to get it right and i think it's more sensitive. i sometimes test food, the heat of food, by my ear."
fWWJWsjclaQ,SB_WILTY_EP33_truth2,700,704,truth,it was an agricultural department of welsh...
fWWJWsjclaQ,SB_WILTY_EP33_truth3,709,715,truth,"well, it was all about identifying..."
fWWJWsjclaQ,SB_WILTY_EP33_truth4,726,730,truth,"well, either that or you might want to put him through to suckle a cow. depends who's male or female."
fWWJWsjclaQ,SB_WILTY_EP33_truth6,793,797,truth,"capital identification document. so it's like a cow passport and we would, they'd ask us questions."
YoegsEq9se0,SB_WILTY_EP34_lie1,43,51,deception,and together we have visited every pub inside the m25 called the red lion.
YoegsEq9se0,SB_WILTY_EP34_lie2,74,81,deception,"this camping trip was... ooh, i would have been about... ..13, 12."
YoegsEq9se0,SB_WILTY_EP34_lie3,91,95,deception,laughter
YoegsEq9se0,SB_WILTY_EP34_lie4,131,137,deception,we were camping somewhere in the lake district. i think it was called the lake district.
YoegsEq9se0,SB_WILTY_EP34_lie5,146,150,deception,"is it? it... well, that's a good question. we don't know to this day what..."
YoegsEq9se0,SB_WILTY_EP34_lie6,195,200,deception,"no, it did not. because otherwise it would have been, this is steve and we were once kidnapped."
YoegsEq9se0,SB_WILTY_EP34_lie9,275,284,deception,"funny you should say that. they did have, they'd had bat on the menu in the hotel and i was told that they got them from this cave and out of curiosity i thought well i'll go."
YoegsEq9se0,SB_WILTY_EP34_lie10,287,291,deception,"a grim way of catching them, which is to hang fish hooks."
YoegsEq9se0,SB_WILTY_EP34_truth1,335,345,truth,"erm, yeah, we got a list of all the pubs called the red line, and then we went to visit all of them, and i know that there were four that we did not..."
YoegsEq9se0,SB_WILTY_EP34_truth2,363,371,truth,we came up with it as an idea because we knew there were a lot of them and we thought it would be good to visit all of them.
YoegsEq9se0,SB_WILTY_EP34_lie11,581,585,deception,nicholas parsons was there.
YoegsEq9se0,SB_WILTY_EP34_lie12,592,596,deception,and i think that was... everyone wasn't...
YoegsEq9se0,SB_WILTY_EP34_truth3,666,674,truth,i trained for last year's paris marathon but pulled out when a doctor advised me that one of my legs is shorter than the other.
YoegsEq9se0,SB_WILTY_EP34_truth4,750,755,truth,"i'll give you the thing to put in your shoe, which will help you do some regular exercise."
YoegsEq9se0,SB_WILTY_EP34_truth5,768,779,truth,"if you could do it, you could have done it. all right, i'll rephrase it, ok? i trained for last year's paris marathon but pulled out when a doctor advised me that one of my legs is shorter than the other. he said, if you really tried hard, you could probably do it by my lady, bastard."
hS8BsP3sRf4,SB_WILTY_EP35_truth1,118,122,truth,"when? i would say, what, early 2000 and..."
hS8BsP3sRf4,SB_WILTY_EP35_truth3,142,146,truth,mohammed wanted to meet me.
hS8BsP3sRf4,SB_WILTY_EP35_truth4,200,204,truth,i caught him right in the nose. there's a little bit of blood.
hS8BsP3sRf4,SB_WILTY_EP35_lie2,344,349,deception,church.
hS8BsP3sRf4,SB_WILTY_EP35_lie3,384,389,deception,now i don't know exactly what he did because we had to leave the house. we spent a bit of time in the house and then we had to leave.
hS8BsP3sRf4,SB_WILTY_EP35_lie4,432,437,deception,"well i didn't to be honest, i didn't and i wasn't sure it was going to work. but there was definitely something going on."
hS8BsP3sRf4,SB_WILTY_EP35_truth6,533,538,truth,i didn't engage a lawyer. no. you didn't. it was just on that stripey paper you get.
hS8BsP3sRf4,SB_WILTY_EP35_truth7,541,548,truth,"well, all i really had was the connect four set. and i left it to my dad as a deliberate act of spite cos he'd beaten me."
hS8BsP3sRf4,SB_WILTY_EP35_truth8,565,571,truth,"i maybe had about sort of ten pounds or something. there were a couple of other things i think in the world, but that was it wasn't"
hS8BsP3sRf4,SB_WILTY_EP35_truth9,577,586,truth,"well, i don't want to go into details because it brings back unhappy memories and also people at home might not know the game, but without wanting to be too technical, he connected four."
hS8BsP3sRf4,SB_WILTY_EP35_truth10,588,596,truth,"it was quite a built-up tournament, you see. it was a sort of best of seven. my dad called it the watson cup. i grew up in quite a competitive..."
hS8BsP3sRf4,SB_WILTY_EP35_truth11,658,664,truth,"my dad saw through it pretty quickly. he came up the stairs, knocked on the door, i said yes, and he said thought not."
hS8BsP3sRf4,SB_WILTY_EP35_lie6,725,729,deception,"no, no, no, no, no, i was in a bit of strife with some..."
hS8BsP3sRf4,SB_WILTY_EP35_lie7,732,736,deception,you can only do it by stealing the car and flogging it.
OfRZO8-H-Sg,SB_WILTY_EP36_lie1,26,34,deception,"first of all, deborah, perhaps you could tell us how you know molly. well, this is molly. she came into dragon's den. she was so nervous that she left after 20 minutes."
OfRZO8-H-Sg,SB_WILTY_EP36_truth1,40,45,truth,this is my friend molly. she starred in a murder mystery play which i wrote and...
OfRZO8-H-Sg,SB_WILTY_EP36_lie2,49,55,deception,"molly, she's teaching me to ice skate because i'm going to be a best man at a wedding on ice."
OfRZO8-H-Sg,SB_WILTY_EP36_lie3,66,74,deception,"she was, it was sort of eye shades, well sunglasses for dogs in summary, and she brought the dog in and it took ten minutes to..."
OfRZO8-H-Sg,SB_WILTY_EP36_lie4,82,88,deception,
OfRZO8-H-Sg,SB_WILTY_EP36_lie5,108,112,deception,"not at all, but we did meet afterwards because she was so..."
OfRZO8-H-Sg,SB_WILTY_EP36_truth2,163,172,truth,"molly played, i think, the wife of a rich man who was murdered and it was all a bit silly, you know, the way school plays are. it's a while ago so i can't..."
OfRZO8-H-Sg,SB_WILTY_EP36_lie6,235,243,deception,"you said we're having this ice skating themed wedding and we're all training every week for the little moves. i didn't say, is there any chance you'd come to me?"
OfRZO8-H-Sg,SB_WILTY_EP36_lie8,303,311,deception,"the big routine and the bridesmaids are going to be part of the big routine. and the idiots like me that can't do much, we're just going to skate off on it at the end later."
OfRZO8-H-Sg,SB_WILTY_EP36_lie9,318,322,deception,"i've got the ring. i do one quick... i don't know what they call it, axel."
OfRZO8-H-Sg,SB_WILTY_EP36_truth3,443,450,truth,"okay, as a child i had a special way of communicating with captain kirk during..."
OfRZO8-H-Sg,SB_WILTY_EP36_truth4,463,473,truth,a little calculator that when you sort of it had a sort of leatherette case and when you flipped it open it was to my child's eyes uncannily
OfRZO8-H-Sg,SB_WILTY_EP36_truth5,515,520,truth,i would sort of converse a bit with the characters on the screen while it was happening.
loPuU_k3FT0,SB_WILTY_EP37_lie2,127,132,deception,"it was just, you know, like a small glass."
loPuU_k3FT0,SB_WILTY_EP37_lie3,185,191,deception,"but when we first started working there, all of the bottles of drink in the pub were"
loPuU_k3FT0,SB_WILTY_EP37_lie5,216,221,deception,it was obvious that he went a little bit funny and he laid down. it wasn't like he was punching people in the face.
loPuU_k3FT0,SB_WILTY_EP37_lie6,223,230,deception,"he did get really worried because he kind of did lay down, he was very quiet and a bit like when he died."
loPuU_k3FT0,SB_WILTY_EP37_truth1,299,303,truth,i recite my times tables.
loPuU_k3FT0,SB_WILTY_EP37_truth3,321,325,truth,i've been able to get my times tables in and i thought...
loPuU_k3FT0,SB_WILTY_EP37_truth4,334,342,truth,the show is about a woman who is a little bit of a girl who is a little bit of a girl who is a little bit of a girl who is a little bit of a girl who is a little bit of a girl who is a little bit of a girl who is a little bit of a girl who is a little bit of a girl who is a little bit of a girl who is a little bit of a girl who is a little bit of a girl who is a little bit of a girl who is a little bit of a girl who is a little bit of a
loPuU_k3FT0,SB_WILTY_EP37_truth5,357,361,truth,"before i go to bed, my husband lies next to me and i say, i do that."
loPuU_k3FT0,SB_WILTY_EP37_truth6,376,380,truth,"yes, yes! i've gone as far as about my sex and i get..."
loPuU_k3FT0,SB_WILTY_EP37_truth7,491,495,truth,"and i cracked seven the other night. right, give us the seven times table. but i can't do it now."
loPuU_k3FT0,SB_WILTY_EP37_truth8,581,586,truth,i had a job where we started each day with a motorbike.
loPuU_k3FT0,SB_WILTY_EP37_truth10,617,621,truth,it was door to door.
loPuU_k3FT0,SB_WILTY_EP37_truth11,627,634,truth,"46? that was if this would have been one of my first shows on a left school, so it would have been in the..."
loPuU_k3FT0,SB_WILTY_EP37_truth12,636,643,truth,"it was a long time ago, buddy. but what used to happen is, you used to go in, there was always a fight."
loPuU_k3FT0,SB_WILTY_EP37_truth13,666,678,truth,"no, you know when you see those adverts in the paper, it'll be like, are you sad and lonely? i used to be like that, but now i've got this people, two girlfriends, that are out in france. if you want to be like me, phone jazz after 7."
loPuU_k3FT0,SB_WILTY_EP37_truth14,759,767,truth,this is mark and he is currently teaching me to swim to...
NY3AyfzPJ1s,SB_WILTY_EP38_truth1,139,144,truth,"some harrowing experience, you could amuse people with it. yeah, i think so, but i didn't really know that i had it."
NY3AyfzPJ1s,SB_WILTY_EP38_truth2,213,220,truth,"i just realised that i was actually quite scared of water, that's why i don't swim very well."
NY3AyfzPJ1s,SB_WILTY_EP38_lie3,539,543,deception,i once lost a game of swing ball to a chimpanzee.
NY3AyfzPJ1s,SB_WILTY_EP38_lie4,550,562,deception,we were visiting a zoo in south africa and the trick that the chimpanzee could do was play swing ball. and we all took it in turns to have a go and i'd had a few to drink and he'd be like...
NY3AyfzPJ1s,SB_WILTY_EP38_lie5,631,642,deception,i couldn't beat a chimpanzee at a swim ball because i was drunk. how am i going to remember the time of day? i'm terrible at this and this only causes a three...
NY3AyfzPJ1s,SB_WILTY_EP38_lie6,702,708,deception,"i'm not going to lie. i'm about to walk out. someone said, no, no, it's a swing."
paKvWxTNl_w,SB_WILTY_EP41_lie1,113,117,deception,"when filming is over for the day, lord sugar and i sometimes wind up..."
paKvWxTNl_w,SB_WILTY_EP41_lie3,224,232,deception,"it's a fairly long drawn-out process. it is tense, it is nerve-wracking, particularly for karen and i, because we don't know."
paKvWxTNl_w,SB_WILTY_EP41_lie4,235,242,deception,"and i just sort of murmured to him once that i find this very difficult. and he said, well, look, don't worry. next time i'll bring in annette and some balls."
paKvWxTNl_w,SB_WILTY_EP41_truth1,345,354,truth,"and also, i'm allergic to cats, so... danger money. but it was like... well, no, it was 130 quid and i was 18 at the time, so at that stage of my life, i would have won..."
paKvWxTNl_w,SB_WILTY_EP41_truth2,427,431,truth,but i didn't have that choice. she insisted that i come so that i could sort of get to know...
paKvWxTNl_w,SB_WILTY_EP41_truth3,663,670,truth,this is zazie and we once had a trial together for a professional ladies football team.
paKvWxTNl_w,SB_WILTY_EP41_lie5,676,684,deception,this is zae zee. i once cut off her ponytail on the school bus thinking she was my mate.
paKvWxTNl_w,SB_WILTY_EP41_lie6,693,698,deception,"my neighbour's daughter, she offered to mend my computer."
paKvWxTNl_w,SB_WILTY_EP41_truth4,719,726,truth,"it was for... laughter ..qpr rangers. no, q..."
paKvWxTNl_w,SB_WILTY_EP41_truth5,809,813,truth,we've played a bit at university.
paKvWxTNl_w,SB_WILTY_EP41_lie7,856,862,deception,simply because we know them very well. i know that she did a computer course at university. and why would i go out and spend a fortune?
paKvWxTNl_w,SB_WILTY_EP41_lie8,889,895,deception,"we live in the country. i had had a very, very nasty accident. stubbed my toe."
paKvWxTNl_w,SB_WILTY_EP41_lie9,926,932,deception,"the email thing and 700 people including business contacts, serious people."
paKvWxTNl_w,SB_WILTY_EP41_lie10,959,963,deception,"well, i was, yes, and before it's pointed out, i was in a different year, yes."
paKvWxTNl_w,SB_WILTY_EP41_lie11,981,991,deception,"i'll just point out, we weren't actually at the same school. i should get that in, really. we called it the school bus. it wasn't a school bus that was only for schoolchildren. it was the bus i got to school."
paKvWxTNl_w,SB_WILTY_EP41_lie12,1021,1029,deception,"paul's ponytail. i've always found that a little bit annoying. i mean, let's face it, have you ever seen a ponytail on a man and not wanted to..."
paKvWxTNl_w,SB_WILTY_EP41_lie13,1169,1173,deception,david mitchell.
paKvWxTNl_w,SB_WILTY_EP41_lie14,1254,1259,deception,"that's sort of... sort of shoo, but maybe i'm... maybe i'm entertaining the possibility..."
paKvWxTNl_w,SB_WILTY_EP41_lie15,1335,1343,deception,this is the sweatshirt that my wife and i put on together when we are cosying up on a chilly evening. we call it the cuddle jumper.
WY76L0DtaIU,SB_WILTY_EP42_truth2,133,137,truth,"in ireland, on irish radio. and it was just a little..."
WY76L0DtaIU,SB_WILTY_EP42_truth3,141,148,truth,my colleagues were reading the news or announcements. i would sneak in behind them and say...
WY76L0DtaIU,SB_WILTY_EP42_lie2,297,304,deception,a british comedy game show.
WY76L0DtaIU,SB_WILTY_EP42_truth4,448,452,truth,i had so many imaginary friends we formed an imaginary
WY76L0DtaIU,SB_WILTY_EP42_truth5,460,465,truth,"yes, the game were called the guybys. the what?"
WY76L0DtaIU,SB_WILTY_EP42_truth11,598,602,truth,
WY76L0DtaIU,SB_WILTY_EP42_truth12,738,746,truth,this is my mate tony. we were once questioned by the police for stealing a life-size cardboard cutout of hugh grant's...
WY76L0DtaIU,SB_WILTY_EP42_lie4,753,760,deception,he freed me from a vending machine when i got my foot stuck in the push compartment.
WY76L0DtaIU,SB_WILTY_EP42_lie5,767,775,deception,"i had never met this man before, but the person that was supposed to be doing this tonight didn't turn up. so i grabbed the first person."
WY76L0DtaIU,SB_WILTY_EP42_lie6,802,811,deception,"well, had it gone to plan today, i would have said, this is graham and he's my self-defence instructor, because i'm learning self-defence."
WY76L0DtaIU,SB_WILTY_EP42_lie7,816,820,deception,the story i am told is that he hurt his arm this morning during a selfie.
WY76L0DtaIU,SB_WILTY_EP42_lie8,823,828,deception,he got in the car to come here and had some turn because of the painkillers.
WY76L0DtaIU,SB_WILTY_EP42_truth13,944,948,truth,"and none of it caught my eye, except the life-sized couple."
WY76L0DtaIU,SB_WILTY_EP42_lie9,1034,1045,deception,"well, i put the money in and i was trying to get a drink and i could see that it would come out a bit but not properly. and after trying to get it out of my hands i tried my best."
WY76L0DtaIU,SB_WILTY_EP42_truth15,1263,1269,truth,when i was 12 i saved up all my pocket money and bought a rowing boat that i knew.
WY76L0DtaIU,SB_WILTY_EP42_truth16,1301,1305,truth,and the other festival only our family did.
WY76L0DtaIU,SB_WILTY_EP42_lie11,1407,1415,deception,"after an incident with a permanent marker, i had to go to my son's parents' evening with a mustache and glasses drawn..."
WY76L0DtaIU,SB_WILTY_EP42_lie12,1437,1446,deception,"i was asleep one afternoon, my wife thought it would be funny if my son drew the thing on the face. so she said, go and get one of your felts, because the felts are..."
WY76L0DtaIU,SB_WILTY_EP42_lie13,1449,1453,deception,"i woke up, i laughed a bit, i let him carry on and then we looked at the..."
WY76L0DtaIU,SB_WILTY_EP42_lie14,1457,1461,deception,"we tried to wash it off, it came off a bit but not enough."
WY76L0DtaIU,SB_WILTY_EP42_lie15,1523,1539,deception,every year i signal the start of christmas dinner by taking my seat opposite mrs. wogan and firing a pistol loaded with a blank or blank.
WY76L0DtaIU,SB_WILTY_EP42_lie17,1559,1563,deception,in ways that i will...
WY76L0DtaIU,SB_WILTY_EP42_lie18,1596,1601,deception,"now, things, you know, development families, little traditions."
WY76L0DtaIU,SB_WILTY_EP42_lie19,1622,1626,deception,granddad has fired his pistol.
d4QYhPWCC4M,LS_WILTY_EP1_truth1,108,113,truth,i was at school with osama bin laden.
d4QYhPWCC4M,LS_WILTY_EP1_truth3,254,259,truth,"when i run a large public company, i ban all my staff."
d4QYhPWCC4M,LS_WILTY_EP1_truth4,273,276,truth,"when you get more coming in the post, what do you send out?"
d4QYhPWCC4M,LS_WILTY_EP1_truth5,346,351,truth,"did you have many? there was a lot of other money saving devices, but they're all in my typography."
d4QYhPWCC4M,LS_WILTY_EP1_lie2,436,441,deception,"madonna was in there this night, obviously i didn't know, but went into the loo and everyone was going, oh, madonna's there, madonna's there. and i thought, yeah, right, whatever."
d4QYhPWCC4M,LS_WILTY_EP1_lie3,443,448,deception,"which i recognised as smoking, and said, excuse me, have you got any lube roll there? and i said, yeah, no problem, did that."
d4QYhPWCC4M,LS_WILTY_EP1_lie4,846,850,deception,and she actually sold me a scratch card which i won £2000 on.
d4QYhPWCC4M,LS_WILTY_EP1_lie6,944,951,deception,i mean i go to my new judge still and i still give her that friendly wink of hey pretty good hey and she still goes lucky lucky.
d4QYhPWCC4M,LS_WILTY_EP1_lie7,998,1003,deception,"no, i can say f.a.r.e.s.t.a. and yasu, but only from visiting her. she's married to my uncle, basically."
d4QYhPWCC4M,LS_WILTY_EP1_lie8,1148,1158,deception,"thank you. well, it's a little known fact, but to avoid confusion on the set of doctor who when they're filming it, the medical doctor on set is called..."
d4QYhPWCC4M,LS_WILTY_EP1_truth6,1387,1394,truth,"age five, i wrote to play school to suggest how the bbc should resolve their union conflict."
d4QYhPWCC4M,LS_WILTY_EP1_truth7,1413,1418,truth,stop revolving and apparently this was a result of my parents told me.
d4QYhPWCC4M,LS_WILTY_EP1_lie9,1470,1474,deception,for six months i worked as trevor mcdonald's driver.
d4QYhPWCC4M,LS_WILTY_EP1_truth8,1555,1558,truth,i am allergic to coins.
ql3yoGIBlOw,LS_WILTY_EP2_lie1,390,394,deception,my nickname at school was ear sniffer.
ql3yoGIBlOw,LS_WILTY_EP2_lie2,407,411,deception,andrew westberg. it started off with hair and i got slightly obsessed with hair and then i did that.
ql3yoGIBlOw,LS_WILTY_EP2_lie3,868,872,deception,i actually employ mark solely to manage my ipod.
ql3yoGIBlOw,LS_WILTY_EP2_truth2,879,884,truth,i cut the ribbon at the opening of mark's karaoke superstore.
ql3yoGIBlOw,LS_WILTY_EP2_lie4,892,896,deception,and we used to be called mysterio and mark.
ql3yoGIBlOw,LS_WILTY_EP2_lie5,924,928,deception,"yes, i was. for being a very naughty little wizard."
ql3yoGIBlOw,LS_WILTY_EP2_truth4,1065,1068,truth,because i felt like giving back to the community.
ql3yoGIBlOw,LS_WILTY_EP2_lie7,1269,1279,deception,pam st clements is a member of the british absailing association... wait... and has absailed down mount rushmore!
ql3yoGIBlOw,LS_WILTY_EP2_truth5,1418,1423,truth,"when we were first dating, i collected my husband's belly button fluff."
ql3yoGIBlOw,LS_WILTY_EP2_truth6,1436,1440,truth,i'd say in excess of 50 examples.
ql3yoGIBlOw,LS_WILTY_EP2_truth7,1443,1450,truth,because i felt that i wanted a hobby and to
ql3yoGIBlOw,LS_WILTY_EP2_truth8,1452,1456,truth,"i was, you know, just showing my love for him by collecting a part of him."
ql3yoGIBlOw,LS_WILTY_EP2_lie8,1503,1508,deception,"in a restaurant in china, i unwittingly ordered an eight dog."
x1aSCd2T13o,LS_WILTY_EP3_truth2,255,261,truth,"when i was 23, i had to talk my way out of a fight with a paperboy."
x1aSCd2T13o,LS_WILTY_EP3_truth3,266,270,truth,i was sitting sort of by the side of the road.
x1aSCd2T13o,LS_WILTY_EP3_truth4,272,277,truth,chuckling about something and he thought we were laughing at him.
x1aSCd2T13o,LS_WILTY_EP3_truth5,5,305,truth,"tonight on would i lie to you, comfortable superman, eamonn holmes, king-sized tall boy, sarah o'brien! and part of the furniture, team captain david mitchell! and facing them tonight, she's our beautiful swede, ulrika johnson! he's a lumpy turnip, jimmy carr! and their benched out team captain, lee mack! but first, please go, if not exactly wild, then at least slightly feral, for your host, angus deak! good evening and welcome to what i lie to you, the panel game based on lies and how to spot them. we all lie, i know i don't. in fact, on average we tell three lies every ten minutes of conversation, which would explain why gordon brown's last speech went on for almost two hours. the german philosopher nietzsche once said, truth is only a mobile army of metaphors, metonyms and anthropomorphisms consisting of nothing more than the invention of fixed conventions. but i guess you had to be there. which brings us a little bit older but none the wiser to round one entitled home truths. each of our guests has a card in front of them with either a lie or a truth on it. they have no idea what they'll be faced with when they turn the card over, which may explain the air of panic and sudden inability to read. either way, the opposing team must then glean whether or not it's genuine. and if you understand all that, then you're already way ahead of the panellists. it's me, which marika your home truth if you would oh, that's me well done i hosted the british sausage awards i won that sides very where were they held at? bafta and bafta at the bafta headquarters a strange place for a sausage awards does the sausage and film industry have a long relationship? we provide sausages for lunch at all british films. how many categories were there in the british sausage awards? nicest, longest, fattest, tastiest. oh, this is saving me one pound fifty a minute. do you remember any nominated sausages? no. it's all a bit of a blur, actually. evidently. yeah, so this is a while ago now. this is not a gig. we could get you to do now as your fee risen are you out of the british sausage producers? i was paid very handsomely how much just have interest. i was pretty paid about i don't know say grant i mean the farming is in crisis they're throwing away 30,000 pounds on patting each other on the back as well as hiring bafta sounds like a sort of sick party no one is saying that they shouldn't have awards. let the poor sausage makers have a night out. but jesus wept, 30 grand for a host. that's a bit extravagant to be honest. david, you're going to have to make a decision. i think ulrika would have been embarrassed doing the sausage awards. i think 30 grand would have taken away a lot of embarrassment. so we think it's true. i think it's true. you think it's... well, i think it's a lie. instinctively i think it's a lie. okay, you're going to override... i'm going to go with eamonn. they're saying it's a lie. so what is the truth, ulrika? it's the truth. oh! applause yes, it's true. ulrika did host the british sausage awards. as host of the awards, you're entitled to as many sausages as you can eat. which damn near bankrupted the sausage community the year vanessa feltz presented them. laughter sausages are formed from fat, blood, nostril, anus and offal. coincidentally, also the original names for the spice girls. david when i was 23 i had to talk my way out of a fight with a paperboy what was it about? it was about well i was sitting i was sitting sort of by the side of the road with a couple of friends and we were chuckling about something and he thought we were laughing at him, but you're a man, and he's what it no he was sort of i'd say mid late teens. how old were you i was 23 so you were 23 mid to late teens and there's three of you and one of him. yep of the three of us what one was a girl and one was me so and what happened how did you talk your way out of the fight? well he came towards us very he dropped the bag with the papers in"
x1aSCd2T13o,LS_WILTY_EP3_truth6,323,331,truth,"he said, i think he said, it was either, what's your problem or have you got a problem. it involved the word problem, but not in a kind of, he wasn't."
x1aSCd2T13o,LS_WILTY_EP3_lie1,404,408,deception,i starred in a japanese commercial for snuff.
x1aSCd2T13o,LS_WILTY_EP3_lie4,461,465,deception,the american one goes out in japan and it's quite big because it's like endurance.
x1aSCd2T13o,LS_WILTY_EP3_lie5,975,983,deception,the main effect on this is simon groom and peter duncan once had a fight in the blue peter garden after a row over a bbc parking space.
x1aSCd2T13o,LS_WILTY_EP3_lie6,1151,1155,deception,twenty driving lessons and i still haven't passed.
x1aSCd2T13o,LS_WILTY_EP3_lie7,1229,1234,deception,"to be fair, i blame myself for failing."
x1aSCd2T13o,LS_WILTY_EP3_lie8,1350,1357,deception,i saw carol vorderman broken down at the side of the road but i didn't stop to help her as i was running a bit late.
x1aSCd2T13o,LS_WILTY_EP3_lie9,1367,1372,deception,"she didn't know at the time and i really felt bad about it because it was a flat tire, it was smoking at the..."
x1aSCd2T13o,LS_WILTY_EP3_lie10,1383,1387,deception,"well i was just, i just had to get home. sleep is very important in my life, you know."
x1aSCd2T13o,LS_WILTY_EP3_lie11,1495,1500,deception,"oh, i have received a text message from bono."
x1aSCd2T13o,LS_WILTY_EP3_lie12,1515,1521,deception,"no, it wasn't a group text, it was a specific thing, because i did a gig for a charity that had over there and he said thanks for the gig."
x1aSCd2T13o,LS_WILTY_EP3_lie13,1523,1529,deception,i sent a reply but it didn't bloom into a full-scale relationship.
x1aSCd2T13o,LS_WILTY_EP3_lie14,1576,1584,deception,"now, i have seven cats and they're called monday, tuesday, wednesday, thursday, friday, saturday and pickle."
tEYiXt-gw-g,LS_WILTY_EP4_lie1,119,124,deception,neil? i recently had an extension built by a builder called bob.
tEYiXt-gw-g,LS_WILTY_EP4_lie2,173,178,deception,
tEYiXt-gw-g,LS_WILTY_EP4_lie3,255,259,deception,i have beaten gary barlow at crazy golf.
tEYiXt-gw-g,LS_WILTY_EP4_truth1,371,376,truth,i was red room's stable boy. how old were you?
tEYiXt-gw-g,LS_WILTY_EP4_truth2,464,473,truth,"it's a good question that, because you'd think there would be, wouldn't you? but my job was stable boy and all the others went out and rode the horses. whereas i was left to muck out, hence the word stable boy. and i thought, i'll have a..."
tEYiXt-gw-g,LS_WILTY_EP4_truth3,752,757,truth,this is my good friend jill and she has fitted camilla parker bowles's undergarment.
tEYiXt-gw-g,LS_WILTY_EP4_lie4,760,766,deception,"this is jill, she's the hostess who saved my life when i choked on a peanut once."
tEYiXt-gw-g,LS_WILTY_EP4_lie6,797,802,deception,"it tells me about balloons. it's essentially, it's the thing like pops."
tEYiXt-gw-g,LS_WILTY_EP4_lie7,854,860,deception,"it's not about strength and power, it's about the actual positioning of the actual..."
tEYiXt-gw-g,LS_WILTY_EP4_lie8,868,873,deception,the show is available on youtube.
tEYiXt-gw-g,LS_WILTY_EP4_lie9,876,881,deception,"just lodge, just right in my throat and just quick as a flash, bang."
tEYiXt-gw-g,LS_WILTY_EP4_truth4,894,897,truth,this is my friend and that's who she fits. i've got no association with her.
tEYiXt-gw-g,LS_WILTY_EP4_truth5,918,921,truth,"dickers are quite regular, but every woman is united."
tEYiXt-gw-g,LS_WILTY_EP4_truth7,21,1263,truth,"tonight on would i lie to you, can he fix it? it's neil morrisey. yes, she can. it's leslie ash and their team captain, lee mack. and facing them tonight, jungle queen, miley glass. burger king, jason lanford. and their team captain, david mitchell. but first, arouse yourself into gemundious hysteria for your host, angus deaton. applause good evening and welcome to what i lie to you, 30 minutes of exposing truth and peddling lies featuring some of the country's most available talent. scientists have found that 41% of us lie in the course of an average day and apparently 59% of us lie about whether or not we lie in the course of an average day. liars tend to speak in a dull flat monotone, which means we can safely rule out anything stephen hawking ever says. we should never forget that in the bible it says, thou shalt not lie. then again it also says, a talking snake told a woman not to eat an apple. so perhaps we shouldn't pay too much attention to it. we start then tonight, not unreasonably, with round one, entitled, home truths. our panellists read out a statement about themselves, but have no idea until they turn the card over whether it's a startling truth or a complete lie. or a complete lie that one of our researchers made up this afternoon to while away the tedium. either way, they're stuck with it and it's the opposing team's task to then determine whether or not they're being sold a proverbial pup. so it's tv's neil morrissey who is first up with his home truth. neil? i recently had an extension built by a builder called bob. well, it's amusing, but is it true? well, it's... i mean, as these things go, it would be quite a small coincidence. bob is quite a normal name, isn't it? i find that just eminently plausible. and in fact, probably a very short little chuckle you and he had about him on day one. do you know, i'm actually a builder called bob. right, ok, i do the voice of bob the builder. short laugh, let us never speak of this. at any point did you say, can you fix it? and he said, yes, i can. in about six months he thought it'd be funny to turn up you know dressed as well and his mates were conforming a lot and of course it was 7 a.m when four hairy ass builders wandered in one dressed in a red and yellow czech shirt in dungarees with a yellow hat on saying hello. i'm bob the builder how we laughed yeah you think he does this all the time it just happened to be neil morris's house he's probably i told you, you paranoid nobby, this is for it! so, what are you thinking? what's your verdict? well, i think neil's doing quite well for himself. so it's quite plausible he has recently paid for an extension. i also can believe that. it would be a small lie to come on and say, i'm having some building work done. never. so is it all stacking up or are you thinking it's not really very likely? very likely. so i'm thinking i think it's possible. i'm thinking it's possible. yeah, i think we think it's true yeah, all right. that's almost unanimous right neil reveal all if you would it's a big fat lie yeah, i wish it was to myself i've already just read it neil has not recently had an extension built by a builder called bob in fact, there are no builders called bob in britain as it's not a polish name and so to jason for your home truth. i have beaten gary barlow at crazy golf. we were all hoping that would end with over the head. lee, what do you think? when was this? this was twelve years ago. and how come you were both on a crazy golf course together? i was up in blackpool and there was just a massive crazy golf just on the promenade. and i was having a game of golf and he was there with his family. so at the peak of his fame, he was playing crazy golf with his family in blackpool. and no one else had noticed him at this point. it was... this is blackpool. there's a lot of famous people. laughter crazy golf. they won. can't remember. that's a good bit of truth. did you not say he beat gary barlow? because you said over the head. my teammate has made a very good point here. you did say i beat gary barlow because i did that bad joke about beating him over the head. yes, you did. and now, so basically what's happened is jason, 12 years after the event you've remembered you beat him, and two minutes after you've said it you've forgotten. it's a memory, a funny thing, the way it works. he's lying. he's lying. he's lying. he's lying. he's lying. he's lying. he's lying. he's lying. he's lying. he's lying. he's lying. he's lying. he's lying. he's lying. he's lying. he's lying. he's lying. he's lying. he's lying. he's lying. he's lying. he's lying. he's lying. he's lying. he's lying. he's lying. he's lying. he's lying. he's lying. miniature golf as it happens gary has a handicap. he's too fat and he can't dance i've always been keen on miniature golf or as mark owen calls it golf so lee is next i was red room stable boy how old were you i was probably 16 did he ride him yes, i did actually ride him yes not in the grand national obviously you rode red rums just around the farm to give it a bit of exercise. it's not a cow, it was a horse. race horses don't live on farms, they live in stables, horse racing yards. they're very professional outfits. you don't go... you're a national winner, but i haven't got time to clean him. what, it's two chickens! horses are animals, they live in places with other animals in the country. to me, that's a farm. you want to call it a stable, i'm not interested in you wasting your breath. it's not animals, it's a stable! it was right in the middle of town, was it? it's exactly where we were. what floor did red ram live on? you gave him a bit canter down the staircase. see, you see, listen, smart-ass, listen. what's in there, listen? red ram famously actually was trained on the beach, and that's where he was trained. so did you want to be a jockey, then? yeah, eventually i wanted to be a jockey, but i wanted to start... did you try? did i try? yeah. what, are you the yts careers officer? i did my best. i mean, i got up at six and shoveled shit. how on do you want me to try? i'm sat on the horse risking me life, yeah. i want to make a jockey. well, you just haven't tried. you are quite tall for a jockey. i am, yes, very tall for a jockey. that's right. now, you know the answer to the question, why didn't you become a jockey? are there any councils, though, about who they let on their absolute pride horses just in case they get the bad technique? well, as it happens, it's a good question, that, because you'd think there would be, wouldn't you? but my job was stable boy, and all the others went out and rode the horses, whereas i was left to muck out, hence the word stable boy, i thought i'll have a quick go on that so i jumped on his back rode the finish to the grand national did the commentary as the horse ate his hay and the boss's son caught me as i was going and it's hats off for the tremendous reception why wouldn't they come the boss's son caught you i was disciplined in a way that only a stable boy of 16 camera you don't think it's true, i don't think it's true. you don't think it's true either we think it's a lie. it's a lie. okay. let's see how correct you were it is in fact the truth. applause josh ruhm is true. applause it's true, lee was red ruhm's stable boy. red ruhm was put out to stud after his career ended. he sired several moderately successful horses and amy winehouse. laughter so at the end of this first ordeal, it's david's team who are experiencing one or two teething problems, trailing as they are, 3-1. applause the next round is called ring of truth, and it's an idea so simple that even the panelists virtually understand it. our teams are given a solid gold celebrity fact and must basically decide whether it's bona fide or pure baloney. so true or otherwise, gwyneth paltrow said, i would rather die than let my kid eat cup of soup. see, that is an amazingly weird thing to say, isn't it? although not as weird, of course, as if there'd have been a big pause between the word eat and cop. i would rather die than let my kid eat cup of soup? that would be a really weird thing to say wouldn't it? that would be strange wouldn't it? fortunately she didn't say that. she didn't? no. how would cup of soup find its way into the realms of gwyneth paltrow's life? she was on a film set. so she was obviously given it whilst filming on an english film. she actually said who eats this stuff? and what was the reply? lots of the british public do. yank. nobody eats it anyway, surely people drink it. yes, i was gonna say, was she told that it's usually diluted in water? laughter otherwise, she would kind of go, this is choully. what is this, future food? i'll give it a go. laughter and applause what's her husband's name again? that famous bloke? chris martin, yes. yeah, he's in the band. does he like cup of soup? do we know anything about him? of course, everyone knows chris martin likes a cup of soup. are you mad? he has all the flavours written on the back of his hand. laughter chris martin say a while back on the back of one of his album sleeves he said for every album that we make we're gonna plant a tree sort of all the paper that we've wasted making this cd and i just thought to myself. can't you just cut out the middle man? just stop making cds every album they make you make they planted i mean they would they make an album once every one or two years four trees my dad plants more trees than that and he hasn't released an album in years so do you think gwyneth is likely to have said this? yeah, i probably think so. i think it's true. yeah, i'm a huge lesbian. i can hear her american. i mean, they call their daughter apple. they're quite sort of healthy people. well, bachelors claim that there are no additives in kappa soup. that's the company that makes it, not just unmarried men. unmarried men who rely on kappa soup for their whole diet. so actually, there's no additives. it's bloody healthy, actually. knocks back the loneliness if you put whiskey in it. maybe you could give us some kind of conclusion as to whether you think this is true or not. i don't think it's true. do you think it's true? no, i don't think it's true. we think it's a lie. they're saying it's a lie. lee? i think it's true. okay, true. we're saying it's true? it is true. absolutely right. gwyneth paltrow would rather die than let her child eat cup of soup. in fact, any child of gwyneth's is more likely to be named cup of soup than served it. the next round goes by the curiously abridged title of this is my, in which david's team all claim to have a close association with tonight's special guest person. the task for lee's team, should they choose to accept it, is to identify which of them is for real. so please welcome this week's special guest person, jill. now, david, perhaps you'd like to explain how you know jill. yes, this is jill, the hypnotherapist who cured me of my fear of balloons. okay, mylene, what's jill to you? this is my good friend jill, and she has fitted camilla parker bowles' underwear. and finally, jason, your relationship with jill. this is jill, she's the air hostess who saved my life when i choked on a peanut once. so there you are. a balloon therapist if we believe david, an underwear fitter to the royals if we believe mylene, or a life-saving air hostess according to jason. what is the thing about a balloon which is so frightening? well i'm a bit better about it now. thank god you're able to talk about it. is it the fact that they might go bang in your face? i'm trying to share here. the thing that scares me about balloons is essentially that they might pop. to be fair, that's not an irrational fear if it's a hot air balloon, is it? no. but frankly, if i had a phobia about hot air balloons, i would manage to limp through life. it's terrible, because i get to work by hot air balloon as well. i'm just screaming the whole time. i can't, you know, i have to put the radio on. no. it's, you know, everyday party balloons. right. have, since i was very young, scared the shit out of me because they might pop. so did you go to parties as a kid and cry? yes. and then i wouldn't go to parties as a kid and my parties, there were no balloons. right. i want to know about the peanut in the throat and the possible heimlich. i mean, how did you, how were you saved? at heimlich, yeah. oh, you've helped him out there, haven't you? does she look strong enough? the heimlich, it's not about strength and power, it's about the actual positioning of the actual, right there in the diaphragm. oh, you're a doctor as well? yeah. all right, tell me which flight were you on? i was flying manchester to gatwick, and i sat near the front, i sat near the front for that extra bit of leg room, and luckily the woman's actually sat opposite you, right? god bless her, right? and as i was sort of eating these peanuts, one of them just lodged right in my throat. and just quick as a flash, bang, jill was up. don't say bang in front of david. scare the life out of him. what's your association with camilla parker's, bowles' gusset manufacturer? she's my friend, and that's who she fits. i've got no association with camilla, but this is my friend jill. she doesn't fit your corsets necessarily? um, has done. it is a common thing having underwear fitters. do you have an underwear fitter leslie? i do actually, they're here now. no you're lying. little jimmy cranky's down there working his arse off. they actually sort of make to order. they go round and fit you up and... i think knickers are quite regular but every woman as you know goes up and down in their underwear and so... sorry. laughter just saying. applause so i need to press you for an answer here, lee. is this person david's balloon shrink, mylean's regal-bask fitter, or jason's selfless stewardess? i think it's the stewardess. although i think he's a bare-faced liar, i just think he's telling the truth on this. i don't believe jason has ever allowed anything to be stuck halfway before it gets down here. he's not a nitty, he's from the north, and those peanuts are free. yeah. i love the balloon thing, because it's just so sweet. i like the sweetness of it, yes. okay, you are the team captain, lee. you have to make a decision of some sort. alright then. i'm gonna go with leslie then and say that, bizarrely, the balloon story just might be in a crazy sort of way. okay, you're opting for david's balloon shrink. jill, perhaps you'd like to tell us who you really are. i'm jill kenton. i'm mylene class's friend, and i do fit camilla. laughter and applause not very, no. yes. yes, indeed. jill is mylene's purveyor of pants to the royals. well done, and thank you for coming. jill kenton. applause yes, jill has fitted camilla parker-bowles underwear. now she's in the royal family, of course. camilla has to be rather more frugal when she gets bored with her lacy underwear. it's handed down to prince edward. and so do telly tales around in which classic tv shows of yesteryear are resurrected for our viewing pleasure. and lee's team then intrigues us with an additional related fact this week. our specialist area is saturday morning children's tv, a world where men's knitwear plummeted new depths and disaster was always just a haircut away. so lee is up with his fact loosely related to these well-known pop critics. that's pepsi and shirley and heartache. mrs thatcher, what about you? i didn't think it sounded like heartache at all. i thought the nearest it got to heartache was that almost bally bit, you know, with several people standing up in the background moving. that was the nearest to heartache. otherwise it was thump, thump, thump. i accept very professional, but nothing like heartache. yes, a lot of, yes, good voices. professional production, but not quite what i would expect of heartache. i would say three. three, yes. were you for you? would you dance to it? no, i wouldn't, because there was no melody. there certainly was rhythm. you could do a movement to it. you could do a movement to any rhythm. you could do a movement to a drum without having any song. but there was no melody and no heartache. betsy and shirley not quite cutting it for mrs. thatcher there. she was always more of a guns n' roses fan. anyway, lee, what is your related fact to that clip? did you know that mike reed often does a musical turn at the tory party conference? and last year it was a ten minute political rap. do you notice how the whole mood has dropped since we saw a clip of margaret thatcher? nobody wants to live anymore. oh yeah, i remember that bitch. yeah. so what bit of the tory? is this like the main assembly bit? yes. after the shadow chancellor's done his speech? now as usual, what you're all here for, mike reid's ten minute rap. yeah, but you've got to remember that tories are a bit stuffy and boring, aren't they? yeah, i mean they're stuffy and boring, but they're not, you know, complete morons. i think it's true because the tory party are so out of sync with reality, that that's the sort of thing that they might go, mike reed's very popular, isn't he? or what might read? it all makes sense. i don't think they can be that out of sync with reality and still know where parliament is. i don't think it's true. i just don't think it's true. i'm prepared to go with that. you're the captain. we think it's a lie. you're saying it's a lie, okay. let's find out if you're right, lee. it actually is true. oh! applause oh! how? it's a very hard answer to be honest. i'm sorry. how are they ever going to get back into office? are they trying? is it match-mixing? you know, is someone bribing them to be terrible at politics? mike reed, ten minutes, rapping. what the f*** is that? democracy in this country. but, but, but, but, but, you know, the reason, the reason tony blair can start wars for no, you know, without asking people, is because there's no opposition. you know, it's their fault, it's mike green's fault. the deaths of our servicemen are on his conscience. i do... sorry, sorry david, i've made a mistake, it's false. sorry. no, it is true. i do hope mike reed is watching this. yes, he does traditionally round off the tory party conference with a song. it saves security having to usher people out of the building. so at the end of that round, it's lee's team for whom the future's bright, leading as they do 7-5. and so joyously we come to the final round, some quick-fire truths and or lies for our panellists. panelists and remember they still have no idea what's written on the other side of the card sensational truth or utter tosh starting now leslie i have been banned from streatham ice rink"
tEYiXt-gw-g,LS_WILTY_EP4_truth8,1290,1293,truth,someone had moved the sign saying...
tEYiXt-gw-g,LS_WILTY_EP4_truth9,1295,1299,truth,me and geraldine hellard just thought we'll go up there anyway.
tEYiXt-gw-g,LS_WILTY_EP4_truth11,1369,1373,truth,"a girl being held up, tossed down to the street in our sheepskin coat."
tEYiXt-gw-g,LS_WILTY_EP4_lie10,1422,1428,deception,i have formulated a five-point plan for surviving if i were in prison.
tEYiXt-gw-g,LS_WILTY_EP4_lie11,1434,1438,deception,"okay, one i have to use the fact that i've got a degree."
tEYiXt-gw-g,LS_WILTY_EP4_lie12,1442,1447,deception,"secondly, i have to in some way find someone who is physically strong to try and..."
tEYiXt-gw-g,LS_WILTY_EP4_lie13,1456,1460,deception,i have to make sure that this person isn't a person who will...
tEYiXt-gw-g,LS_WILTY_EP4_lie14,1470,1474,deception,i'm going to try to get a cigarette so that i can sell them to others.
tEYiXt-gw-g,LS_WILTY_EP4_lie15,1496,1501,deception,i formulated this when i was a late teenager and i...
tEYiXt-gw-g,LS_WILTY_EP4_lie16,1614,1620,deception,"i have never eaten an apple, not even taken a bite."
n4O2BqU4Gug,LS_WILTY_EP5_truth1,140,145,truth,you place it in your hand. you lift it up.
n4O2BqU4Gug,LS_WILTY_EP5_truth2,174,178,truth,years ago when i danced a lot more.
n4O2BqU4Gug,LS_WILTY_EP5_truth3,184,187,truth,the worst ladies is there than to see an arm.
n4O2BqU4Gug,LS_WILTY_EP5_truth4,218,222,truth,i have a really good squirt of i do squirt straight away.
n4O2BqU4Gug,LS_WILTY_EP5_truth5,262,266,truth,i used to proofread dictionaries for a living.
n4O2BqU4Gug,LS_WILTY_EP5_truth7,288,293,truth,i have to say what was weird about it is that because it was so boring i became a huge hypochondriac.
n4O2BqU4Gug,LS_WILTY_EP5_lie1,375,378,deception,i was a contestant on junior mastership.
n4O2BqU4Gug,LS_WILTY_EP5_lie2,408,414,deception,"a bit of milk, mix it all in and then what i like to call the special ingredient, like mammoth sauce and ragu. i'll never tell."
n4O2BqU4Gug,LS_WILTY_EP5_lie4,544,548,deception,"we went off to a canal, uh, to make sandwiches."
n4O2BqU4Gug,LS_WILTY_EP5_lie5,736,740,deception,"i'm the 16th earl of westmoreland. went like that back at us and we went, good comeback."
n4O2BqU4Gug,LS_WILTY_EP5_lie6,1143,1148,deception,"you're probably taking the whole, when i said they were dancing, you're probably, you know, in your head you're thinking like a routine here."
n4O2BqU4Gug,LS_WILTY_EP5_truth10,1317,1325,truth,actually it dates back to the middle ages where evidently seven christians slept in a cave for 200 years.
n4O2BqU4Gug,LS_WILTY_EP5_truth13,1490,1493,truth,the parents decided to give him away and didn't want to tell him.
n4O2BqU4Gug,LS_WILTY_EP5_lie7,1530,1534,deception,as a teenager i had a poster of margaret thatcher on my bedroom.
n4O2BqU4Gug,LS_WILTY_EP5_truth14,1593,1597,truth,i killed a falcon while playing golf.
n4O2BqU4Gug,LS_WILTY_EP5_lie8,1652,1655,deception,computer it just needed a
Svljl0kN2HE,LS_WILTY_EP6_truth1,122,125,truth,i have eaten a diamond.
Svljl0kN2HE,LS_WILTY_EP6_truth2,132,137,truth,in my pudding and he was so rat-ass by pudding he forgot to tell me and i ate the whole...
Svljl0kN2HE,LS_WILTY_EP6_truth3,168,171,truth,and he got rat arsed and then i ate the diamond. end of.
Svljl0kN2HE,LS_WILTY_EP6_truth4,178,184,truth,"it wasn't just after, it was on the way back to while we were walking along the seine."
Svljl0kN2HE,LS_WILTY_EP6_truth5,191,196,truth,"no, because i then went through heathrow airport and it went bring bring bring bring take off everything."
Svljl0kN2HE,LS_WILTY_EP6_lie1,279,284,deception,i can identify any breed of dog just by hearing it growl.
Svljl0kN2HE,LS_WILTY_EP6_lie2,727,731,deception,"we've passed out at the top of mont blanc because the altitude, the air was so thin."
Svljl0kN2HE,LS_WILTY_EP6_lie3,733,737,deception,down with the party you are guiding down the peak.
Svljl0kN2HE,LS_WILTY_EP6_truth6,745,749,truth,here's my old boss who taught me how to call bingo.
Svljl0kN2HE,LS_WILTY_EP6_lie5,781,785,deception,"it was at the top down, that's where i passed out, because the altitude was so thin."
Svljl0kN2HE,LS_WILTY_EP6_truth7,1121,1129,truth,it showcased a toaster connected to the internet that burned a weather forecast into your toast.
Svljl0kN2HE,LS_WILTY_EP6_lie6,1346,1352,deception,i once pushed a man in a lake for following me shouting only me.
Svljl0kN2HE,LS_WILTY_EP6_lie7,1438,1443,deception,i bumped off school to go to london with a boy called dick whittington.
Svljl0kN2HE,LS_WILTY_EP6_truth9,1577,1580,truth,somebody was interested in the blue bits in the...
Svljl0kN2HE,LS_WILTY_EP6_truth11,1619,1622,truth,and i didn't meet the cheese people.
E8DlNckBUFQ,LS_WILTY_EP7_truth2,155,158,truth,vvvvvvvvvvvvvvvvvvvvvvvvvvvvvvvvvvvvvvvvvvvvvvvvvvvvvvvvvvvvvvvvvvvvvvvvvvvvvvvvvvvvvvvvvvvvvvvvvvvvvvvvvvvvvvvvvvvvvvvvvvvvvvvvvvvvvvvvvvvvvvvvvvvvvvvvvvvvvvvvvvvvvvvvvvvvvvvvvvvvvvvvvvvvvvvvvvvvvvvvvvvvvvvvvvvvvvvvvvvvvvv
E8DlNckBUFQ,LS_WILTY_EP7_lie1,237,241,deception,"when i was a dj i used to, i was younger so..."
E8DlNckBUFQ,LS_WILTY_EP7_lie4,413,417,deception,my nickname at school was mr custard.
E8DlNckBUFQ,LS_WILTY_EP7_lie7,951,958,deception,this is viva. she is my ex-girlfriend. she dumped me when i got her for christmas a talk.
E8DlNckBUFQ,LS_WILTY_EP7_truth3,963,969,truth,this is viva. she was my arch-rival in rhythmic gymnastics.
E8DlNckBUFQ,LS_WILTY_EP7_lie8,973,979,deception,"this is viva. she tried to teach me to swim when i was 30, but it didn't work."
E8DlNckBUFQ,LS_WILTY_EP7_truth4,990,993,truth,rhythmic gymnasts use women's hoops.
E8DlNckBUFQ,LS_WILTY_EP7_truth5,997,1001,truth,it's a form of gymnastics which has its own...
E8DlNckBUFQ,LS_WILTY_EP7_lie9,1117,1122,deception,i moved to brighton and i lived in a flat in the
E8DlNckBUFQ,LS_WILTY_EP7_lie10,1147,1151,deception,"i looked at the sea and i thought, oh my god, i'm terrified of the water."
E8DlNckBUFQ,LS_WILTY_EP7_lie11,1163,1168,deception,"this was the... well, in 1991, in between my..."
E8DlNckBUFQ,LS_WILTY_EP7_lie12,1173,1176,deception,"we met at gateway supermarket, which was my office."
E8DlNckBUFQ,LS_WILTY_EP7_lie13,1191,1199,deception,it was partly to do with the torch. also it might be something to do with the fact that i didn't go up to 18th birthday party because i hated all of her
E8DlNckBUFQ,LS_WILTY_EP7_truth6,1214,1219,deception,try and form relationships with people that are based on more than just sex and drinking.
E8DlNckBUFQ,LS_WILTY_EP7_truth7,1333,1338,truth,i believe disaster will occur if i don't adhere to my special alarm clock.
E8DlNckBUFQ,LS_WILTY_EP7_truth8,1358,1361,truth,the clocks are independent and i have to turn...
E8DlNckBUFQ,LS_WILTY_EP7_truth9,1365,1370,truth,the show is a production of the british comedy show.
E8DlNckBUFQ,LS_WILTY_EP7_truth10,1449,1453,truth,i check for monsters before i go to bed.
E8DlNckBUFQ,LS_WILTY_EP7_truth11,1532,1537,truth,you're on. i was voted the 47th sexiest man in the world.
E8DlNckBUFQ,LS_WILTY_EP7_truth12,1607,1611,truth,i was voted the 88th sexiest man in the world.
E8DlNckBUFQ,LS_WILTY_EP7_truth13,1616,1619,truth,who? it was the readers of...
UjeLRqCA53Q,LS_WILTY_EP9_lie1,131,136,deception,i was the ringmaster and she pretended to be all numbers of animals.
UjeLRqCA53Q,LS_WILTY_EP9_lie2,149,152,deception,i was 14. she was 12.
UjeLRqCA53Q,LS_WILTY_EP9_lie3,155,158,deception,"we did it on stage, somewhere up..."
UjeLRqCA53Q,LS_WILTY_EP9_lie4,193,196,deception,just your traditional cinderella pantomime.
UjeLRqCA53Q,LS_WILTY_EP9_lie5,281,285,deception,i had an interview at mi5 to be a spy.
UjeLRqCA53Q,LS_WILTY_EP9_lie6,294,298,deception,"it's on the south bank now, but that building wasn't finished at the time. so it was a meeting in melbourne."
UjeLRqCA53Q,LS_WILTY_EP9_lie7,6,364,deception,"tonight, or would i lie to you, he's got an allergy. it's david baddiel. that deserves an apology. and their team captain, david mitchell! and facing them tonight, i don't believe it! it's jimmy carr! now, that's out of the way. here's richard wilson! and their team captain, lee mack! but first, imitate a gas leak and bring the house down for your host, angus deaton! cheering and applause angus beacon! good evening and welcome to would i lie to you? the show with more fibs than pinocchio updating jonathan aitken's wikipedia page. of course the most common place to lie is on a cv and i should know speaking as nbc's leading weatherman for the past 12 years and people have a tendency to try and appear more intelligent by claiming to have read books they haven't read or in the case of jordan, to have written books they haven't read so after much thought, consideration and a power planning meeting, it was decided we should start with round one, home truths our panellists take it in turns to read the card in front of them this may contain a true fact or a load of nonsense that we've just made up on their behalf the other side then sift through the evidence, deduce the real truth and generally try and look like they know what they're doing maureen is the first to stick her head above the parapet, so maureen if you would. okay. surprise us all. yes, i once worked as part of a circus double act which was called franco and tutti. professionally? yep. you got paid for it. i did. so what was the double act called again? franco and tutti. and you were? franco. can you describe the act? yeah, i was the ringmaster and she pretended to be all numbers of animals. all numbers of animals? all numbers? well, like what? well, she pretended to be an elephant, she pretended to be a prancing horse. right, lee, we're not trying to book the act, we're just trying to... how old were you? i was 14, she was 12. it was child labour? when i said professional, we did it on stage, somewhere up north in the pantomime. where abouts up north? in hull. you so said that as i'm the expert on the north. there was a place called hull. this sounds like it might be true. yeah. we've won this thing to go on the panto. you won a competition to go to hull? no, no. what was the second prize? no, i was just saying. so you weren't paid for it? yes, we were. you were paid for it? well, we were given food. laughter were you given, like, buns when you were an elephant? laughter what was the name of the panto? the panto was just your traditional cinderella pantomime. and how many shows...? not that traditional, cos in the middle of it a ringmaster came on, and a girl dressed as an elephant and then a donkey. the old traditional pantomime of cinderella. in pantomimely, they do mess around with the story a bit. yeah, they do, but not in traditional pantomime. in the story of cinderella, there's no bloke dressed as a woman. you know, in the fairy tale, pantomime itself is already screwing around with the story. they're having a little bit of a circus bit. it's just a bit of fun. i saw a panto, they had a laser light show. what do you think, richard? i think she's changed her story. she said she was being paid for it initially. it was professional. but it was a professional show. she might be telling the truth, but getting a bit confused. it's true. it's maureen lippmann. so what do you think, team captain? i'm saying it is a lie. maureen, gospel or garbage? it is in fact a lie. yep, it's a lie. maureen was not part of a circus double act called franco and tutti. a recent report cleared circuses of being cruel to animals, but found them guilty of cruelty to audiences. and many feel that there's no need to pay £20 to see people falling over each other, throwing knives and wearing ridiculous amounts of makeup when you can just visit basildon on a friday night. so, jimmy, your turn to shock us all. oh, right, ok. oh, there you go. i had an interview at mi5 to be a spy. where's mi5, jimmy? where's mi5? yeah. well, it's on the south bank now, but that building wasn't finished at the time. so it was a meeting in milbank. what was it? like a planning meeting? like a planning meeting? no, i wasn't going to build a headquarters. the fact the building wasn't finished. we're thinking of setting up a big organisation of spies. loads of guns and handcuffs and itching powder. we don't know how we're going to use that, but it's all fun. and we're building a huge crazy building on the south bank, which is actually mi6, but never mind. laughter applause can i say i'm worried now that you know a bit much about it, and you really do seem like a spy, i think, because you're posh and a tiny bit gay, even though you're not. laughter hang on, david. i'll stop you there. poshing a little bit gay? laughter what are you talking about, man? this is like spartacus. no, i'm posh and a little bit gay! you're the least posh little bit gay of anyone in the world, emily jimmy how do you get approach? how did you get approached? i got approached by an english tutor at cambridge and this guy mckendrick approached me and said would you be?"
UjeLRqCA53Q,LS_WILTY_EP9_truth2,514,517,truth,scary spice and sporty spice.
UjeLRqCA53Q,LS_WILTY_EP9_truth3,550,555,truth,"just to be honest, i was only really interested in melanie b. it was at the four seasons hotel."
UjeLRqCA53Q,LS_WILTY_EP9_truth6,908,915,truth,this is della and i danced on my dancer size fitness video.
UjeLRqCA53Q,LS_WILTY_EP9_lie8,919,925,deception,"you know della? this is della, the estate agent who accidentally locked me in a house after a viewing."
UjeLRqCA53Q,LS_WILTY_EP9_truth7,981,985,truth,"we did drive, we did boogie woogie."
UjeLRqCA53Q,LS_WILTY_EP9_truth8,993,996,truth,the idea was to get young people interested in dance and get...
UjeLRqCA53Q,LS_WILTY_EP9_lie9,1032,1037,deception,i pronate. i've got extraordinarily flat feet. so i have to wear orthotics and i get...
UjeLRqCA53Q,LS_WILTY_EP9_lie10,1061,1065,deception,the show is about a woman who is very
UjeLRqCA53Q,LS_WILTY_EP9_lie11,1077,1084,deception,"well she's both. she's got a soropody, i guess some sort of qualification. there's something on the wall, she was in the yellow pages."
UjeLRqCA53Q,LS_WILTY_EP9_lie12,1091,1095,deception,i got a recommendation from simon cowell off of the x-factor.
UjeLRqCA53Q,LS_WILTY_EP9_lie13,1132,1135,deception,it was one of these open days where you show lots of people around.
UjeLRqCA53Q,LS_WILTY_EP9_lie14,1137,1141,deception,the show is about a man who is a i went to the top floor.
UjeLRqCA53Q,LS_WILTY_EP9_lie15,1144,1148,deception,people have been coming and going. the last few go. i'm still up there.
UjeLRqCA53Q,LS_WILTY_EP9_lie16,1156,1160,deception,i didn't have my mobile phone on me. the phones in the house weren't working.
UjeLRqCA53Q,LS_WILTY_EP9_lie17,1164,1169,deception,the show is about a man who is a
UjeLRqCA53Q,LS_WILTY_EP9_lie18,1338,1341,deception,i was fetching a packet of cigarettes for my grandfather.
UjeLRqCA53Q,LS_WILTY_EP9_lie19,1381,1384,deception,"no, i didn't do anything. i didn't buy her any more..."
UjeLRqCA53Q,LS_WILTY_EP9_truth9,1431,1435,truth,i have been attacked by a snake charmer and his snake.
UjeLRqCA53Q,LS_WILTY_EP9_truth10,1532,1536,truth,he didn't like the fact that we hadn't then volunteered our money.
UjeLRqCA53Q,LS_WILTY_EP9_lie20,1569,1574,deception,this is the neck brace i wore once just to get an upgrade.
UjeLRqCA53Q,LS_WILTY_EP9_lie21,1598,1601,deception,it was originally in club and i got upgraded to first club.
gslBhWkBAlk,LS_WILTY_EP10_truth1,119,124,truth,"before any tv appearance, i shadow box in my dressing room."
gslBhWkBAlk,LS_WILTY_EP10_truth2,132,135,truth,"when i'm fully dressed, about to burst on the scene."
gslBhWkBAlk,LS_WILTY_EP10_truth3,139,144,truth,i don't take any equipment for this thing. it's just a little thing between me and the mirror.
gslBhWkBAlk,LS_WILTY_EP10_truth4,155,159,truth,"it is really, you have to get the blood that i suppose is flowing towards the brain, that sort of thing."
gslBhWkBAlk,LS_WILTY_EP10_lie3,308,311,deception,"oh, well, me. i mean, i had to talk my husband around."
gslBhWkBAlk,LS_WILTY_EP10_lie4,332,336,deception,"i have to say, it didn't get to pick anything, it was just me."
gslBhWkBAlk,LS_WILTY_EP10_lie5,541,545,deception,"the person sends me a letter every christmas and goes, thank you very much for the sugar cubes."
gslBhWkBAlk,LS_WILTY_EP10_lie6,956,959,deception,he's actually my gardener and he was introduced to me by andrew luthor.
gslBhWkBAlk,LS_WILTY_EP10_lie7,982,986,deception,"i like that we're all at a party and whoever goes, have you met my gardener lee?"
gslBhWkBAlk,LS_WILTY_EP10_lie8,989,995,deception,it's parkinson and andrew lloyd-rober was on it with tim rice once and you're making polite chit chat in the green room after.
gslBhWkBAlk,LS_WILTY_EP10_truth5,1022,1027,truth,"oh, blimey. um, 18 years. and what..."
gslBhWkBAlk,LS_WILTY_EP10_lie10,1103,1106,deception,basically to stop the natural deterioration of the brain.
gslBhWkBAlk,LS_WILTY_EP10_lie11,1110,1115,deception,"well, to try and remember things like lines for a show."
gslBhWkBAlk,LS_WILTY_EP10_truth7,1292,1295,truth,"at the time, i was saying it absolutely bang on."
gslBhWkBAlk,LS_WILTY_EP10_truth8,1297,1301,truth,"my parents were encouraging, i imagine, rather than going, you've mispronounced that."
gslBhWkBAlk,LS_WILTY_EP10_truth9,1325,1328,truth,i don't remember doing it. i don't remember it. i remember there was a silence.
gslBhWkBAlk,LS_WILTY_EP10_lie12,1405,1410,deception,and glasses i wear if i want to pop to the shops unnoticed.
gslBhWkBAlk,LS_WILTY_EP10_lie13,1457,1461,deception,"it's a lot more casual, dressed down, plain. and it works."
gslBhWkBAlk,LS_WILTY_EP10_lie14,1542,1545,deception,mastermind with the specialist subject colombo.
gslBhWkBAlk,LS_WILTY_EP10_lie15,1571,1575,deception,74
4vSoZTZ2Oqs,LS_WILTY_EP11_lie1,109,114,deception,i have an identical twin called jimmy. jimmy lives in canada.
4vSoZTZ2Oqs,LS_WILTY_EP11_truth1,244,250,truth,"in an advert starring pele, my voice was passed off as his voice."
4vSoZTZ2Oqs,LS_WILTY_EP11_truth2,254,258,truth,but it was a...
4vSoZTZ2Oqs,LS_WILTY_EP11_truth3,267,272,truth,it was about medical...
4vSoZTZ2Oqs,LS_WILTY_EP11_truth5,335,338,truth,we like to talk to each other about a lot of things.
4vSoZTZ2Oqs,LS_WILTY_EP11_lie5,497,500,deception,solution to problems with serum.
4vSoZTZ2Oqs,LS_WILTY_EP11_lie6,926,931,deception,a woman who gave my dog mouth to mouth resuscitation after it was run over by a...
4vSoZTZ2Oqs,LS_WILTY_EP11_truth6,940,946,truth,she was angelina jolie's double intumrator.
4vSoZTZ2Oqs,LS_WILTY_EP11_lie8,979,983,deception,and i let the dog go in the common. he ran out into the room.
4vSoZTZ2Oqs,LS_WILTY_EP11_lie9,993,997,deception,"he was, you know, he was hit and he was out and..."
4vSoZTZ2Oqs,LS_WILTY_EP11_lie10,1128,1133,deception,amanda is a friend of my wife and it was therefore safe for me to be with amanda.
4vSoZTZ2Oqs,LS_WILTY_EP11_truth7,1198,1201,truth,"as a matter of fact, if you watch closely..."
4vSoZTZ2Oqs,LS_WILTY_EP11_lie13,1410,1413,deception,"well, what i would do is i would hold this hat up and then sort of twirl it."
4vSoZTZ2Oqs,LS_WILTY_EP11_truth8,1457,1460,truth,i once pulled a boy by pretending to be french.
4vSoZTZ2Oqs,LS_WILTY_EP11_truth9,1506,1510,truth,the next day when i told him i wasn't french.
4vSoZTZ2Oqs,LS_WILTY_EP11_lie14,1585,1590,deception,at school i had a fight with lawrence llewellyn bowen.
4vSoZTZ2Oqs,LS_WILTY_EP11_lie15,1615,1618,deception,a fight when i was playing on one team and he was playing on another.
4vSoZTZ2Oqs,LS_WILTY_EP11_lie16,1622,1627,deception,it was called lawrence llewellyn bowen. because it only later became lawrence llewellyn bowen.
VnYU4zQaE1c,LS_WILTY_EP12_lie3,258,261,deception,argos nationwide employee of the year 1997.
VnYU4zQaE1c,LS_WILTY_EP12_lie4,278,281,deception,"just going, yes, i'll get that for you. and getting it."
VnYU4zQaE1c,LS_WILTY_EP12_lie5,308,314,deception,"they have a mystery shopper come round and you sort of know the time period they're going to arrive so you're kind of on your toes, you know, making sure."
VnYU4zQaE1c,LS_WILTY_EP12_truth1,371,375,truth,i used to share a house with sue lawley.
VnYU4zQaE1c,LS_WILTY_EP12_truth2,436,439,truth,it was the south wales echo.
VnYU4zQaE1c,LS_WILTY_EP12_truth3,448,452,truth,remember that somebody caught a sturgeon.
VnYU4zQaE1c,LS_WILTY_EP12_lie6,742,746,deception,because they claimed that they were abducted by aliens.
VnYU4zQaE1c,LS_WILTY_EP12_truth5,915,919,truth,"it was in surrey, near guildford. it was leatherhead."
VnYU4zQaE1c,LS_WILTY_EP12_lie11,982,986,deception,"it was a proper show, it wasn't insulated."
VnYU4zQaE1c,LS_WILTY_EP12_lie12,1136,1139,deception,i changed my name to lee because i couldn't pronounce my real name properly.
VnYU4zQaE1c,LS_WILTY_EP12_lie13,1179,1185,deception,about the age of about four something like that. because they used to call me lee anyway. they used to abbreviate lee on this.
VnYU4zQaE1c,LS_WILTY_EP12_lie14,1285,1289,deception,because you can get to the cloakroom during the whole...
VnYU4zQaE1c,LS_WILTY_EP12_truth6,1470,1473,truth,about... i used to do boxing on a tuesday night and...
VnYU4zQaE1c,LS_WILTY_EP12_lie15,1537,1541,deception,i won a jukebox off vitty jones in a game of poker.
VnYU4zQaE1c,LS_WILTY_EP12_lie17,1583,1586,deception,he said i'll have it and it became a running joke on the show if any of you remember.
aHcPRcWMB1c,LS_WILTY_EP13_truth1,111,118,truth,i missed a visit from george michael because i was eating at a harvester.
aHcPRcWMB1c,LS_WILTY_EP13_truth3,163,168,truth,he was a big fan of the show and he was hoping to come and meet kat and alfie.
aHcPRcWMB1c,LS_WILTY_EP13_lie1,261,264,deception,my bed used to belong to john nettle.
aHcPRcWMB1c,LS_WILTY_EP13_lie2,309,314,deception,"i think this one dated from about 1987 when bergerac, when he was..."
aHcPRcWMB1c,LS_WILTY_EP13_lie3,353,359,deception,i have patented a device that stops cats jumping on your lap.
aHcPRcWMB1c,LS_WILTY_EP13_lie4,381,384,deception,you're listening to the radio and you don't want a cat on your lap.
aHcPRcWMB1c,LS_WILTY_EP13_lie5,400,404,deception,this stamp sent back by the winged messenger.
aHcPRcWMB1c,LS_WILTY_EP13_truth4,863,868,truth,richard's my butcher and i'm his official.
aHcPRcWMB1c,LS_WILTY_EP13_lie8,936,941,deception,"he likes it where, i don't know if he's still doing it, he used to have a garage down there and he used to look after cars."
aHcPRcWMB1c,LS_WILTY_EP13_lie9,988,991,deception,there's a character in the sketch.
aHcPRcWMB1c,LS_WILTY_EP13_lie10,996,1001,deception,we've been commissioned to write a series of illustrated stories.
aHcPRcWMB1c,LS_WILTY_EP13_truth5,1032,1035,truth,"yes, this is richard and i'm his official..."
aHcPRcWMB1c,LS_WILTY_EP13_truth6,1229,1234,truth,"okay, this box contains the only gift i've ever been sent by a fa-"
aHcPRcWMB1c,LS_WILTY_EP13_lie12,1467,1471,deception,"a lovely smile from the big butch, moustached, rubber-gloved..."
aHcPRcWMB1c,LS_WILTY_EP13_lie13,1478,1482,deception,"oh, no, you talk to a man who'd have two bottles of scotch. i would say..."
aHcPRcWMB1c,LS_WILTY_EP13_truth8,1607,1612,truth,female admirers used to send me timetables showing when their husbands would...
aHcPRcWMB1c,LS_WILTY_EP13_truth9,1622,1627,truth,this was when i was in the early 90s when i was doing a soap pad.
aHcPRcWMB1c,LS_WILTY_EP13_truth10,1632,1637,truth,and what happened i'd turn up a hotel and the word would go around.
aHcPRcWMB1c,LS_WILTY_EP13_truth11,1639,1643,truth,a british comedy game show.
Y4RQe_4yeSo,LS_WILTY_EP14_lie2,242,247,deception,"i have five pigs, all named after my favorite newsreaders."
Y4RQe_4yeSo,LS_WILTY_EP14_lie3,345,349,deception,"i don't actually have a piggery at home, but there's a farm nearby which..."
Y4RQe_4yeSo,LS_WILTY_EP14_truth1,452,456,truth,i drove a car that could only turn left.
Y4RQe_4yeSo,LS_WILTY_EP14_truth2,501,506,truth,it was the front bit over the wheel was bent into the wheel so you could no longer turn the wheel.
Y4RQe_4yeSo,LS_WILTY_EP14_truth4,894,898,truth,at the chipping norton giant vegetable comedy.
Y4RQe_4yeSo,LS_WILTY_EP14_lie4,918,923,deception,roger actually removed a tattoo that i had of the fonz.
Y4RQe_4yeSo,LS_WILTY_EP14_lie5,1061,1065,deception,"where glasses, protective glasses, but not a big welder's helmet or anything."
Y4RQe_4yeSo,LS_WILTY_EP14_truth5,1100,1103,truth,the show is one that's been running for several years.
Y4RQe_4yeSo,LS_WILTY_EP14_truth6,1106,1110,truth,the biggest cucumber one year and you might have had the longest leak.
Y4RQe_4yeSo,LS_WILTY_EP14_lie7,1256,1259,deception,for six months i cleaned the windows of the empire state building.
Y4RQe_4yeSo,LS_WILTY_EP14_lie8,1268,1271,deception,"i didn't finish it. of course, as we all know, it never finishes."
Y4RQe_4yeSo,LS_WILTY_EP14_lie9,1302,1305,deception,how long would it take you to do this?
Y4RQe_4yeSo,LS_WILTY_EP14_lie10,1307,1311,deception,"roughly, it would take about an hour, something like that."
Y4RQe_4yeSo,LS_WILTY_EP14_truth7,1342,1348,truth,"when i was little, i used to dress myself as an 18th century nobleman."
Y4RQe_4yeSo,LS_WILTY_EP14_truth8,1368,1371,truth,my trousers into my sort of knee-length socks.
Y4RQe_4yeSo,LS_WILTY_EP14_truth10,1464,1468,truth,"well, nothing. i wasn't like trying to get to the other side. i'm not a fucking idiot, am i?"
Y4RQe_4yeSo,LS_WILTY_EP14_lie11,1580,1585,deception,i had a scene where i wore some slippers similar to that and...
SG1B36dxeJ0,BRI_WILTY_EP57_truth_1,109,113,truth,"to impress the ladies, i used to break into my special catwalk move."
SG1B36dxeJ0,BRI_WILTY_EP57_truth_2,165,171,truth,"this move is so good that if i were to show i could do it, you'd be going, well, obviously you'd play that..."
SG1B36dxeJ0,BRI_WILTY_EP57_truth_3,187,190,truth,more about the swivel of the face than the face itself.
SG1B36dxeJ0,BRI_WILTY_EP57_truth_4,432,436,truth,it was on a job that i was doing. it was actually live on...
SG1B36dxeJ0,BRI_WILTY_EP57_truth_5,450,453,truth,they were a german company and they came on the show.
SG1B36dxeJ0,BRI_WILTY_EP57_truth_6,460,465,truth,"so can we see it? no, because it's in a place where i don't really want to get it out."
SG1B36dxeJ0,BRI_WILTY_EP57_truth_7,474,478,truth,barbara windsor was on the show and you know she used to say...
SG1B36dxeJ0,BRI_WILTY_EP57_truth_8,481,484,truth,"you are saucy, so i wanted to have saucy tattoos."
SG1B36dxeJ0,BRI_WILTY_EP57_lie_10,727,730,deception,he's the postman who had to retrieve my phone from a...
SG1B36dxeJ0,BRI_WILTY_EP57_lie_11,739,744,deception,one night we were out stargazing and we were quizzed by the police because they thought we were...
SG1B36dxeJ0,BRI_WILTY_EP57_truth_13,771,774,truth,and they are ripened in bolton.
SG1B36dxeJ0,BRI_WILTY_EP57_truth_14,846,852,truth,i inadvertently drove into a gas heater and did...
SG1B36dxeJ0,BRI_WILTY_EP57_truth_15,854,857,truth,and then the factory filled up with gas.
SG1B36dxeJ0,BRI_WILTY_EP57_lie_16,881,887,deception,the nearest post box to me has a very narrow aperture.
SG1B36dxeJ0,BRI_WILTY_EP57_lie_17,898,903,deception,you can't get them in sometimes. you can't get the wider thing.
SG1B36dxeJ0,BRI_WILTY_EP57_lie_20,958,962,deception,the last collection of the day was happening about half an hour later.
SG1B36dxeJ0,BRI_WILTY_EP57_lie_21,985,988,deception,this quiz does because they thought we were peeping tom.
SG1B36dxeJ0,BRI_WILTY_EP57_truth_24,1231,1234,truth,...is that my appearance should be in no way noteworthy.
SG1B36dxeJ0,BRI_WILTY_EP57_truth_25,1236,1240,truth,not so unnoteworthy as to be in itself noteworthy.
SG1B36dxeJ0,BRI_WILTY_EP57_truth_26,1252,1255,truth,it didn't happen suddenly. it just...
SG1B36dxeJ0,BRI_WILTY_EP57_truth_27,1259,1264,truth,the philosophy and i don't think that's too grand.
SG1B36dxeJ0,BRI_WILTY_EP57_truth_28,1279,1282,truth,"some people have said, oh, i see you've grown a beard or he's..."
SG1B36dxeJ0,BRI_WILTY_EP57_truth_29,1292,1297,truth,"well, that's what's so odd. i mean, i haven't, like, hugely enjoyed it. it's not been, like, a brilliant..."
SG1B36dxeJ0,BRI_WILTY_EP57_truth_31,1621,1624,truth,"i, if i'm honest, the washing of him doesn't stop."
SG1B36dxeJ0,BRI_WILTY_EP57_truth_32,1642,1646,truth,i washed as much of that strawberry smoothie out of his sticky brittle...
7fWdlSdE9Fo,BRI_WILTY_EP58_lie_3,172,176,deception,i was a very skinny kid and she used to try all sorts of stuff.
7fWdlSdE9Fo,BRI_WILTY_EP58_lie_4,182,189,deception,"spaghetti was, you were trying to, you know, you were throwing a line, a rope down to rescue people."
7fWdlSdE9Fo,BRI_WILTY_EP58_truth_5,326,330,truth,a little chimpanzee once came to my house for tea.
7fWdlSdE9Fo,BRI_WILTY_EP58_truth_6,339,342,truth,tiny chimp about this.
7fWdlSdE9Fo,BRI_WILTY_EP58_truth_7,357,363,truth,because it was a sunday afternoon and we were having a tea and marmite toast and that's what my kids liked.
7fWdlSdE9Fo,BRI_WILTY_EP58_truth_8,366,370,truth,we gave it cheese and tomato samadhi or something cheap.
7fWdlSdE9Fo,BRI_WILTY_EP58_truth_9,384,390,truth,he was with the friend who was expected and the friend who was expected was running late and she sent the chimpanzee.
7fWdlSdE9Fo,BRI_WILTY_EP58_truth_10,464,470,truth,who were you receiving? it was a lady that i had worked with quite some time before this.
7fWdlSdE9Fo,BRI_WILTY_EP58_truth_11,534,541,truth,every sunday i spend four hours planning the 20 outfits i'll wear the coming week.
7fWdlSdE9Fo,BRI_WILTY_EP58_truth_12,560,569,truth,"out. 5'8"". okay, and then i have another one which is about 4' high. okay, so when you put a pair of trousers on or a jacket or a top, it then looks..."
7fWdlSdE9Fo,BRI_WILTY_EP58_truth_13,607,611,truth,"i'll be doing something in the afternoon, so i'll get changed from a lunch outfit because i don't want to be too..."
7fWdlSdE9Fo,BRI_WILTY_EP58_truth_14,656,663,truth,"i've taken photographs. so even if i've planned a thursday pm outfit and i decide i don't want to wear it, i just flick through my phone and i'm..."
7fWdlSdE9Fo,BRI_WILTY_EP58_lie_16,769,773,deception,i had to be in the room where the tv was. i had to wear...
7fWdlSdE9Fo,BRI_WILTY_EP58_lie_17,778,781,deception,"i'm not a tall, but i was small, so i had a small head."
7fWdlSdE9Fo,BRI_WILTY_EP58_lie_18,801,805,deception,she would sit next to me but she wanted to watch it.
7fWdlSdE9Fo,BRI_WILTY_EP58_lie_19,1016,1023,deception,"anna, we used to bamboozle our miserable neighbour by adding an item of clothing to his..."
7fWdlSdE9Fo,BRI_WILTY_EP58_lie_21,1042,1048,deception,this is hannah. last year she bought a pub and named it the mitchell and glove.
7fWdlSdE9Fo,BRI_WILTY_EP58_lie_22,1048,1053,deception,and i gave her my blessing to use my face on the pub.
7fWdlSdE9Fo,BRI_WILTY_EP58_lie_24,1131,1138,deception,the best thing to me is that i wrote in my book that i had a theory that flat roofed pubs are always bad.
7fWdlSdE9Fo,BRI_WILTY_EP58_lie_25,1162,1171,deception,"we used to befuddle, well annoy, our miserable neighbour by putting items of clothing on his washing line after he pecked his..."
7fWdlSdE9Fo,BRI_WILTY_EP58_lie_27,1202,1208,deception,"he'd come in and when he'd take the washing off, we'd watch him every day fold it. he'd put all the socks together and put them in the washing."
7fWdlSdE9Fo,BRI_WILTY_EP58_lie_28,1217,1224,deception,"he came out and he put all his washing away hours later and he was like... and it was just very funny, we just found it. i mean, it doesn't sound funny."
7fWdlSdE9Fo,BRI_WILTY_EP58_truth_29,1296,1301,truth,"during a school production, so we were dressed, we were in green."
7fWdlSdE9Fo,BRI_WILTY_EP58_lie_30,1432,1435,deception,"when i was seven, i had to be a bridesmaid."
7fWdlSdE9Fo,BRI_WILTY_EP58_lie_31,1442,1448,deception,i had to be a bridesmaid at my auntie's wedding as one of the girls who was supposed to do it was ill and the dress was...
7fWdlSdE9Fo,BRI_WILTY_EP58_lie_32,1453,1456,deception,i describe the colour as...
7fWdlSdE9Fo,BRI_WILTY_EP58_lie_34,1595,1600,deception,"i think i got like, i don't know, five hours or something. she was ill at the last..."
K_dUfIegnis,BRI_WILTY_EP59_truth_2,113,117,truth,"well, i would have just passed my test, so..."
K_dUfIegnis,BRI_WILTY_EP59_truth_8,313,323,truth,"i was gutted when i first saw rob brydon's small man in a box routine, as for years i've been entertaining my pals with my own man trapped in my mouth."
K_dUfIegnis,BRI_WILTY_EP59_truth_9,352,359,truth,"it's like anything that's really, you know, that you think, oh that's good. and then you see someone else do it properly and well."
K_dUfIegnis,BRI_WILTY_EP59_lie_10,571,579,deception,"well, this is neil, and he paid me to jump out of a tree in the park and propose to his girlfriend whilst dressed as..."
K_dUfIegnis,BRI_WILTY_EP59_truth_12,596,602,truth,"this is neil and to prove my manhood, i once assaulted a womble in front of him."
K_dUfIegnis,BRI_WILTY_EP59_lie_13,621,626,deception,he paid me to dress as an ewok and propose to his girlfriend.
K_dUfIegnis,BRI_WILTY_EP59_lie_14,665,668,deception,there are sort of ups and downs in any act.
K_dUfIegnis,BRI_WILTY_EP59_lie_16,892,899,deception,"i live in a village, literally just up the lane, there's a little path which breaks out into the wheat fields and literally i don't go as far as i normally would."
K_dUfIegnis,BRI_WILTY_EP59_truth_17,946,951,truth,"and i took the womble with me, because i had this womble since i was a little kid."
K_dUfIegnis,BRI_WILTY_EP59_truth_18,952,957,truth,"i don't know why, but i took it on holiday with me, and when i opened the suitcase, them two murdered me."
K_dUfIegnis,BRI_WILTY_EP59_truth_19,961,969,truth,"that old thing, i don't even know how it got in there, and to prove my manhood, i got a pair of scissors, cut its ears off, and then burnt it on the..."
K_dUfIegnis,BRI_WILTY_EP59_deception_22,1235,1240,deception,"well, you can't just have porridge by itself and banana is very dry. you have to have something to drink with."
K_dUfIegnis,BRI_WILTY_EP59_deception_23,1248,1251,deception,"no, i don't do that. i by log are like other people."
K_dUfIegnis,BRI_WILTY_EP59_deception_24,22,1326,deception,"packed with fantastical facts and legendary lies. on david mitchell's team tonight, a comedian who recently shared a west end stage with michael ball and imelda staunton, which just goes to show that theatre security ain't what it used to be. it's jason manford. cheering and applause and a journalist and broadcaster who has written five books, which, interestingly, is just three more than lee mack has read. it's joan bakewell. applause and on lee mack's team tonight, an actor who starred as an ewok in star wars, a role he wasn't very happy with, as wanted to be yoda he did. warwick davis! applause and a man who spends his life sniffing tarts and poking his finger into muffins. laughter from the great british bake off, paul hollywood! cheering and applause and so we begin with round one, it's home truths, where our panellists read out a statement from the card in front of them. now, to make things harder, they've never seen the card before. they've no idea what they'll be faced with. it's up to the opposing team to sort the fact from the fiction and waric. we're going to start with you tonight. when i got my first car, my friend and i would pretend to be cops, park up, eat burgers and tail cars we'd picked out of the traffic. david's team. how old were you at the time? well, i would have just passed my test, so 17. what was your first car? it was a mini. laughter could you indicate how you pretended to be cops? we used to watch a lot of american films where cops normally sat in the car eating doughnuts and drinking coffee, and then they'd see somebody go by who might be a criminal, and they'd sort of throw the food and speed away. laughter so that's what we were doing, in essence. so you were american cops? yeah. and what were you eating? erm, just normally a burger and some chips. and how far would you let yourself get through the burger before you decide someone was a criminal and you throw it away? well, we let fate decide, really, because we would say, the next green car that goes by, that's going to be the criminal. how do you know how the police operate? laughter what happened when you caught up with them? well, we also set a rule that we'd follow them all the way to where they were going. oh! it started to sound a bit sinister. this is a strange country. and when they arrived, then we would just carry on, we wouldn't confront them, were we? and how far was the furthest you went in pursuit? um... bulgaria. laughter that was a really crap weekend, wasn't it? laughter i wasn't even going to stop! the bloke in the front was going, don't stop, there's a bloke following us. i don't know, bulgaria. just keep going. how far was the furthest you went? like, more than a mile, two miles? oh, more than that, but we'd never go out of the county. we lived in surrey. because you had no jurisdiction. laughter did you exceed the speed limit? well, if they did, we would then lose them, cos we didn't have authority to speed. what did you think they were guilty of? what were their crimes? why were you after them? just because we'd been told to. who was telling you? bring him in. did you have little radios? all units, we're looking for a green ford cortina. registration, alpha, papa, papa, alpha. didn't know alan bennett was a policeman. laughter here we go. he said, um... he said, we're looking for a car, it's just escaped. laughter if anybody happens to see it, do take chase, but don't get too close. david, i'm holding you responsible for that one. laughter i thought he'd already done it. laughter so, what do you think, david? i think it might be real. it might be true. he had a bit of fun. well, i think we think it's true, then. i'm going to say true. yeah. warwick davis, truth or lie? it is the truth. applause yes, it's true. when warwick got his first car, he and a friend would pretend to be cops, park up, eat burgers and tail cars they'd picked out of the traffic. next up, it's jason. i was gutted when i first saw rob brydon's small man in a box routine. as for years, i've been entertaining my pals with my own man trapped in my mouth. well, first of all, a small man in a box is a silly little thing i do that nonetheless shows great talent. and it's this. where are you? i don't know where you are, so i'm going to get out of here. thank you. applause ok, can we hear the man trapped? well, i'd rather not, because... you can't do it. because what it is, is, like, i never thought about doing it as part of my act or anything like that, but, you know, it's like anything that's really, you know, that you think, oh, that's good, and then you see someone else do it properly and well, and, you know, like rob. yeah. and i thought, i can't do that now, cos it's been done... mine's amateur in... we'll take an amateur version, won't we? yeah, yeah. we'll take any old rubbish we've got. i'd be embarrassed to do it on... that's what i want you to do. where? i think the only way we can really get a grip on this is if you were to give us a little something on this. yeah, you've got to give us a sample. laughter have some water. you know it's like... oh, careful, he'll drown! laughter applause it's warming up. just putting him in. the part of the trick... oh, you pretend to put him in, do you? can i just say before you do it, that's a nice detail that you might want to control. anyway, enough prevaricating. all right. ok. i wonder what you're going to do. he screams he screams he screams applause why don't i see if i can coax my little man in a box to have a little chat to the man who you've got stuck in your mouth. here you go, man. well, rob brighton, chat up line. here it comes. ready? he clears his throat how are you feeling today? he makes a honk laughter do you think it's possible that jason might have been lying in what he's been saying? i don't know, cos he could be better at it than he's making out. no, i'll be honest with you, that's the best i've ever done it. i'll tell you what we'll do, just one last little try and just the best it can be for us. lee, look, he's sticking his nose, i can't get out, can't i? i can't get out! laughter and applause panic him now, panic him. applause so what do you think, then, lee? warwick? well, at first i thought he was lying, but i'm tending to think now that he may well have done this. paul? no, i think it's a lie. i think he's actually practised this, he's been doing it. you think he's learnt that talent in the last five minutes? i think our talents have really come to the fore in the last five minutes. you think it's a lie, warren? he thinks it's true. i think it's true, because he did it well. i think it's true. i think it's true, because he did it well. all right, you're saying true. well, enough. ok. so, jason. yeah. were you telling the truth or were you telling a lie? it was... ..true. applause good start, warren. applause yes, it's true. jason was gutted when he first saw my small man-in-a-box routine, because he'd been entertaining his mates with his man trapped in his mouth. our next round is called this is my, where we bring on a mystery guest who has a close connection to one of our panellists. now, this week, each of lee's team will claim it's them that has the genuine connection to the guest, and it's up to david's team to spot who's telling the truth. so, please welcome this week's special guest, neil. this is neil. applause so, warwick, what is neil to you? well, this is neil, and he paid me to jump out of a tree in the park and propose to his girlfriend whilst dressed as an ewok. laughter paul, how do you know neil? this is neil, he's my neighbour, and when he goes on holiday, after his parrot and take it out in the cage for a walk. laughter and finally, lee, what's your relationship with neil? this is neil, and to prove my manhood, i once assaulted a womble in front of him. laughter so there we have it. warwick's park proposer, paul's parrot-walking neighbour or lee's womble witness. david, where do you want to begin? do i have to begin? yes. so, warwick. yes. can you clarify exactly the transaction that you underwent with neil? he paid me to dress as an ewok and propose to his girlfriend. but if you propose to his girlfriend, you then might have to marry his girlfriend. no, he was on his behalf. i mean, himself and his girlfriend were huge star wars fans. so you have got the costume at home just all the time? well, i was given one after working on the film. do you want to get that on ebay? you wouldn't have to jump out of trees and propose to him. you're obviously a successful actor. you know, obviously you've been in star wars. you must have been doing better than having to pick the little jobs like this up. yeah, but, i mean... he's here, isn't he? laughter there are sort of ups and downs in any actor's career. i'll say it again, he's here, isn't he? laughter what was your line? what did you have to say? well, i hopped out of the tree and i went, -""yum, yum!"" which is the ipiyak language for yippee. laughter and i said, -""on behalf of neil, will you marry him?"" and thankfully she said, -""yes."" and then he came out from behind a bush. just... i don't know. laughter so the girl was in the park by herself... hiding behind a bus. he's not with her that day. no, no, no, no. you jump out of a tree dressed as an ewok, saying, yop, yop, and she stayed still and waited to hear the rest of the sentence. now, neil and i had organised it, but she always went this way home from work. so she was walking home from work as well. she was relaxing. was it after dark? no, no, no, it was in the summer. ok. she knew she'd passed that particular tree. yes. what was her name? tracy. that is a name. that is a name. so you just walk away, leaving the two lovers together, and you just go home and feel... that's an image, isn't it? mission accomplished. them kissing and in the distance, a little e-walk like that. walks away like that. and a little wave. mission accomplished. just as it goes over the horizon. my job here is done. exactly. yeah. as he's giving out the leaflets for the local restaurant. and did you get an invite to the wedding? yes, i did, yeah. did you go? no, i didn't go. no. there's no money in that. and how did it come about? how did he get in touch with you? well, neil came to a star wars convention that i was at. right. and i knew him when i was a kid. i didn't really remember him, but then when he asked me, i'm going to propose to my girlfriend, she's a huge fan, you know, and offered me some money to do it. i mean, i still... that's what friends are for. and had there been a progression of, like, did he start with han solo and go, he didn't want to do it? all relationships start with han solo. laughter applause ok, let's move on to paul. now, neil is your neighbour. yeah. and he owns a parrot. yes. why does the parrot need walking? it needs to get out in the fresh air. so you walk down the road just with the parrot in the cage? well, he's actually got... it's not great exercise for the parrot, that, is it? it's to get the air, it's to get the air and it keeps them... couldn't you just use a hairdryer? laughter what colour is the parrot? er, well, it's got a blue head and sort of a brownsy... brownsy? brown. ..bronzy wings. blue head, brown wings. yeah, a little dark down the bottom... sure it's not a pigeon? laughter it's a bright... it's bright blue. laughter i mean, you seem to me too busy to be doing that as well. what does your neighbour do for a job? but he doesn't seem too busy to be jumping out a tree. i think you'd take it into the garden, just let it get some fresh air. no, no, it's actually the movement. he wants to see where... you could walk round the garden, couldn't you? you could do that. there's washing lines on a pole that spin round. you could just attach it to that and... laughter applause and where would you go on this walk, paul? we live in a village, literally just up the lane. i mean, there's a little path which breaks out into the wheat fields and literally, i don't go as far as i normally walk the dog, but about half of the field and back. he offered me to have this, it's like a haversack, it's weird. and it's got a connection, you can actually hold it on your back. no way. in the cage? in the cage. i threw it without the cage and i thought it could take off. laughter ah! laughter now, what about lee? so, lee, the womble assault. yes. tell the story. well, there was a womble. no, there wasn't. wombles don't exist. it's a lie. ok, it's not an actual womble. it's a toy womble. and the story is, i went away on holiday when i was 16, and it was me and neil and another friend of ours, john, and we went to a little caravan site in blackpool, and i took the womble with me, because i had this womble since i was a little kid, and i don't know why, but i took it on holiday with me. and when i opened the suitcase, them two mercilessly took the mickey out of me. and i said, that old thing, i don't know if now it got in there. and to prove my manhood, i got a pair of scissors, cut its ears off, and then burnt it on the fire. and was devastated, but i tried to show my manhood by just not being bothered. i don't bother about that, so. did you cry later on? i was crying as i did it inside, but on the outside laughing. it's a bit like this show. i will say, lee, to me, you have never seemed more human. how did your friends react when you sliced up the womble with the scissors? did they go, yeah, you're a great lad? or were they...? you and your boy talk. it was a pretty rough comprehensive you went through, wasn't it? yes, they all said, you are a great lad. together as they chanted and rung their bells at the same time. you are a great lad, a great lad. they danced around me and put up the maypole. how did your friends react when they saw you with it? did they sort of go, oh, yeah, that's great, ha ha ha, he's one of the lads still? or did they go, oh, my god, he's a mania? right. they were having a beer, fungi, and that's your wombo. they didn't expect to... no, it's not! he snaps you burnt it as well. i burn his face against the fire in those. laughter sorry, i've forgotten that bit. yeah, right. christless. i'd better burn his face so that i seem normal. laughter we need an answer, david. is neil warwick's park proposer paul's parrot-walking neighbour or lee's womble witness? joan, what do you think? i think if i was a fan of warwick and the show, i would think that would be quite a larky thing to do. i genuinely hope it's not true about lee, because i think that must have been a very upsetting thing. me too. and then it must have been very upsetting, and when the point came, you realised you have to use that terrible moment in your past on a tv comedy show. david, david, in series seven, i'm getting desperate. i know. but series 23, i'll be going, i had to see a child psychologist cos mummy left. laughter go on the show with an eye patch on, saying, i blinded myself in one eye before the show. laughter who knows? will it be an eye or a wound? laughter i think the parrot one is the least plausible for me. i think warwick's telling the truth. i think that's the closest to reality. i hope it. i think i too think it's most likely to be warwick that's selling the tree. you think it's warwick, you think it's the ewok, it's the jumping out of the tree and the proposal. ok, right. neil, would you please reveal your true identity? rob, my name is neil and i'm a friend of lee's and i witnessed the womble. cheering and applause applause i think i feel 1,000 years older. laughter thank you very much, neil. thank you. applause which brings us to our final round, quickfire lies, in which our panellists lie not only to their teeth but against the clock. and again, they don't know whether they're about to read out a true fact about themselves or a made-up lie they've never seen before. we start with... it's joan. for the last 30 years, my breakfast regime has never altered. i have one bowl of porridge, one large banana and half a pint of lager. lee, how much do we want this to be true? it's healthy. it really isn't. sorry to break it to you, but porridge is not good for you. laughter so, for 30 years, why did you start, apart from emotional problems, drinking breakfast? well, i had a bit of a thing about staying healthy as i got older. i thought it was important to have a routine, to have regular nourishment that answered many of the needs, the diet fabs that were around at the time, and then, of course, once i started, i liked it. where did the alcohol come into it, though? well, i mean, you can't just have porridge by itself, it's very dry, you have to have something to drink with it. are you seriously in a half pint glass or in a pint glass that's half full? no, no, no, half, it's half a pint. have you got it on draft in the kitchen? no, i don't do that. i buy lager like other people do, in cans. i don't gulp it down. i just enjoy it. i read the guardian one night. the potassium... you read the guardian with your half a lager. laughter and your banana and your lager. laughter exactly. laughter forget the pay-firing. laughter so, when you go abroad, do you hunt down bananas and lager? yes, it's not difficult. you stay at the right places. it's not difficult to acquire lager anywhere in the world. all hotels do have lager. yeah. but why specifically part of lager? that's not the bit we're doubting, david. we're not doubting where you get them. porridge is also well known as a breakfast food. which of these three things do you think will be somehow unattainable? it's not in the places you might go and stay on holiday or on business. some places you go to, you will find it difficult to find porridge. where? some of the greek countries you'll find it difficult to... i know a few of them. i have to say, the greek countries, like the greece... that's not... laughter that's not been... the problem that i've encountered is when i go to stay somewhere in which i've rented a villa or something and then"
K_dUfIegnis,BRI_WILTY_EP59_deception_25,1579,1582,deception,it's a smell that i wouldn't want to describe.
K_dUfIegnis,BRI_WILTY_EP59_deception_26,1630,1634,deception,"hmm, smell of fly. but i found that that smell was soon over."
4er8rBrelyw,BRI_WILTY_EP60_truth_2,199,203,truth,"i probably got them when i was about 18, so that was 12 years ago."
4er8rBrelyw,BRI_WILTY_EP60_truth_3,394,398,truth,"once had a snog with one of the people here, on would i lie to you?"
4er8rBrelyw,BRI_WILTY_EP60_truth_4,510,513,truth,"and everyone had been working very, very hard."
4er8rBrelyw,BRI_WILTY_EP60_truth_5,626,631,truth,the experiment was the guy responsible for getting the audience...
4er8rBrelyw,BRI_WILTY_EP60_truth_6,634,637,truth,that would scuff my team's chance. i can't answer that.
4er8rBrelyw,BRI_WILTY_EP60_truth_7,764,768,truth,this is shailene and i are shailene out 156.
4er8rBrelyw,BRI_WILTY_EP60_lie_8,772,778,deception,"this is shailene. when we were kids, i cut her hair to plump up the stuffing in my..."
4er8rBrelyw,BRI_WILTY_EP60_lie_9,790,797,deception,she is the swimming pool lifeguard who talked me into letting go of the diving board i was...
4er8rBrelyw,BRI_WILTY_EP60_truth_10,823,826,truth,i would have been probably 14.
4er8rBrelyw,BRI_WILTY_EP60_truth_11,865,869,truth,"while it became, i suppose it became like almost like a right of passage. shelly lived in this..."
4er8rBrelyw,BRI_WILTY_EP60_lie_13,940,944,deception,"so, shailene's older sister charlotte is a..."
4er8rBrelyw,BRI_WILTY_EP60_lie_14,952,956,deception,charlotte came over to ours to do...
4er8rBrelyw,BRI_WILTY_EP60_lie_15,964,971,deception,because we had a game in our house whereby if you slept on the top bunk you had to drape your hair.
4er8rBrelyw,BRI_WILTY_EP60_lie_16,1012,1017,deception,what? i remember exactly where. where? shoulder down to mid-arm.
4er8rBrelyw,BRI_WILTY_EP60_lie_18,1078,1082,deception,who would have been doing them? it was one of my regular late-night music parties in the municipal...
4er8rBrelyw,BRI_WILTY_EP60_lie_19,1125,1129,deception,"i was thinking of this programme and i thought, well, i can lose."
4er8rBrelyw,BRI_WILTY_EP60_lie_20,1232,1235,deception,"it's alright, stay calm, too late."
4er8rBrelyw,BRI_WILTY_EP60_lie_21,1254,1257,deception,a few minutes had passed that she threatened to...
4er8rBrelyw,BRI_WILTY_EP60_lie_24,1534,1540,deception,"i said, as well as the other kids, we were saying, what does it do that for? and the teacher said, that is a sign that the snake is..."
vbsNrE6Oocs,BRI_WILTY_EP61_lie_3,125,128,deception,"and it's about £70 a month to keep, which is..."
vbsNrE6Oocs,BRI_WILTY_EP61_lie_4,155,158,deception,he won the pre-calais and he's won some local things.
vbsNrE6Oocs,BRI_WILTY_EP61_lie_5,163,167,deception,it's about 450... it's less than 500.
vbsNrE6Oocs,BRI_WILTY_EP61_lie_6,3,184,deception,"applause good evening and welcome to would i lie to you, the show where deception always gets a good reception. on lee mack's team tonight, a comedian who once wrote a book of made-up facts about pandas. well, that's the thing with panda facts, they never black and white. it's david o'doherty. applause a breakfast tv presenter who tells us what the day's weather is going to be like, saving us all the arduous task of looking out of the window. it's a bbc weather's carol kirkwood. applause and on david mitchell's team tonight, a glasgow-born comic who mixed delicately spun lies with good old-fashioned scottish aggression. it's susan kalman. applause just a joke. just a joke. and a man who's done almost 490 pointless shows. and if you count tonight, 491. from pointless, richard osmond. cheering and applause yeah. so, it's round one, home truths, where our panellists read out a statement from the card in front of them. to make things harder, they've never seen the card before, so they've no idea what they'll be faced with. it's up to the opposing team to sort the fact from the fiction. richard is first. i have a 40% stake in a prize-winning racing pigeon. lee? if there's one thing i know about, it's buying pigeons. so, careful with your answer. tell me now, richard, how much do you pay for 40% of a pigeon? we paid £600. you were robbed. and it's about £70 a month to keep him, which is fine. £70 a month? yeah. wow. that is a lot of trill. laughter we don't feed him trill. what do you feed him? ipo, steroids. oh, wow. laughter £70 a month? what are you, taking him to alton towers? what are you doing with him? first, he's got to be housed, he's got to be fed, he's got to be trained. in a wooden shack. yeah. i'm not going to leave him in a wooden shack. this is a prize winner. why is there a prize winner? what has he won? he won the pre-calais and he's won some local things, but that's the proper deal. pre-p-r-i-x. correct. how many pigeons were in the race? it's about 450. it's less than 500, but more than 100. oh, come on! 500. the sky would be black then, with pigeons. it's the germans, they're back! ah! laughter they're releasing calais and they race all the way to...? well, they race home. and where's home? essentially, well, his is up in..."
vbsNrE6Oocs,BRI_WILTY_EP61_lie_7,227,232,deception,"i'm going to be honest, i would struggle to choose a..."
vbsNrE6Oocs,BRI_WILTY_EP61_lie_8,268,271,deception,"yeah, yeah. you were there when the pigeon landed."
vbsNrE6Oocs,BRI_WILTY_EP61_truth_10,390,398,truth,"having a lovely meal, beautiful smells. i was saying i'm so glad i've made this because i know steak and kidney is your absolute favorite."
vbsNrE6Oocs,BRI_WILTY_EP61_truth_11,442,447,truth,"i'd cook these, i'd say, i made a big batch of pies at the weekend and i made some chicken and ham and i made..."
vbsNrE6Oocs,BRI_WILTY_EP61_truth_12,465,467,truth,hey!
vbsNrE6Oocs,BRI_WILTY_EP61_truth_13,537,546,truth,"the day before i need to make a journey, i often make the journey so that when it comes to making the actual journey, i'll know..."
vbsNrE6Oocs,BRI_WILTY_EP61_truth_15,585,588,truth,it's me. i need to know where i'm going.
vbsNrE6Oocs,BRI_WILTY_EP61_truth_16,614,621,truth,this. it was probably about two weeks ago. i had to go to a meeting somewhere.
vbsNrE6Oocs,BRI_WILTY_EP61_truth_17,776,784,truth,"well, this is ian and to frighten a teacher, we once hid a rum inside a classroom."
vbsNrE6Oocs,BRI_WILTY_EP61_truth_19,868,875,truth,"he was late, so we thought it would be quite funny because he was late just to put this ram in his cupboard so that when he came in the ram would be mad."
vbsNrE6Oocs,BRI_WILTY_EP61_truth_20,906,911,truth,it would have been about ten minutes.
vbsNrE6Oocs,BRI_WILTY_EP61_lie_23,948,954,deception,"...which is just outside of dublin, and i was on a tandem bicycle with my aunt, who's one of the..."
vbsNrE6Oocs,BRI_WILTY_EP61_lie_24,961,965,deception,a comic book character to remind kids not to start fires.
vbsNrE6Oocs,BRI_WILTY_EP61_lie_25,968,972,deception,"and his catchphrase was, don't start a fire. woof!"
vbsNrE6Oocs,BRI_WILTY_EP61_lie_26,978,984,deception,a british comedy game show.
vbsNrE6Oocs,BRI_WILTY_EP61_lie_27,1095,1098,deception,he was 14 or 15 at the time.
vbsNrE6Oocs,BRI_WILTY_EP61_lie_28,1133,1137,deception,"as you will know, when the man comes from the supermarket, delivers your food, he delivers them in..."
vbsNrE6Oocs,BRI_WILTY_EP61_lie_29,1145,1154,deception,"he brings the last box. i said, is that it? he said, yes, this is your last slot. puts the thing, gets the bags, goes to the kitchen. mr nice here picks the nice plastic thing."
vbsNrE6Oocs,BRI_WILTY_EP61_lie_30,1189,1192,deception,just add a little bit of a... like i would do.
vbsNrE6Oocs,BRI_WILTY_EP61_lie_32,1204,1209,deception,at that moment i hear the noise of the door shutting and the little handle turning.
vbsNrE6Oocs,BRI_WILTY_EP61_truth_33,1346,1355,truth,i once sent out 30 professional photographs of myself to try and get an agent. i got just one reply advising me to destroy...
vbsNrE6Oocs,BRI_WILTY_EP61_truth_35,1378,1382,truth,"in the picture, my mouth looked a bit..."
vbsNrE6Oocs,BRI_WILTY_EP61_lie_37,1520,1523,deception,and the swans are very unhappy around.
jflRZk9V_qY,BRI_WILTY_EP62_truth_1,107,111,truth,i once set fire to my house with a box of fireworks.
jflRZk9V_qY,BRI_WILTY_EP62_truth_2,136,139,truth,for two and six of standard fireworks.
jflRZk9V_qY,BRI_WILTY_EP62_truth_4,221,224,truth,the sparks of fireworks are now beginning to light.
jflRZk9V_qY,BRI_WILTY_EP62_truth_5,258,262,truth,"i remember as i'm saying now, wiping..."
jflRZk9V_qY,BRI_WILTY_EP62_truth_6,390,393,truth,it's gone. entire house gone. it's what the whole house...
jflRZk9V_qY,BRI_WILTY_EP62_truth_7,432,435,truth,"yeah, you know, they're hats on."
jflRZk9V_qY,BRI_WILTY_EP62_truth_8,454,457,truth,and the other ace reporter on the gazette was john caramell.
jflRZk9V_qY,BRI_WILTY_EP62_truth_9,520,524,truth,"when i'm stressed, i often take a water-free bath."
jflRZk9V_qY,BRI_WILTY_EP62_truth_12,622,626,truth,sometimes i'll put my dressing gown on over me or a big...
jflRZk9V_qY,BRI_WILTY_EP62_truth_13,732,741,truth,"this is keith, he's my oldest friend and when we were at school together we had a dictaphone in the classroom ceiling to confuse our teachers."
jflRZk9V_qY,BRI_WILTY_EP62_lie_15,771,774,deception,we're supposed to land on my arm at a village...
jflRZk9V_qY,BRI_WILTY_EP62_lie_17,820,824,deception,david droom.
jflRZk9V_qY,BRI_WILTY_EP62_lie_18,827,833,deception,i went to america when i was doing homeland and i'd just been to see my dialect.
jflRZk9V_qY,BRI_WILTY_EP62_truth_20,926,930,truth,for about 15 minutes. and then there was the noise of a fly.
jflRZk9V_qY,BRI_WILTY_EP62_truth_21,979,988,truth,"yeah, then a little bit of fly silence a little bit of fly and then quite loudly but not to frighten anyone the word wolf"
jflRZk9V_qY,BRI_WILTY_EP62_truth_22,1013,1016,truth,a really nice teacher called bill whitcliffe.
jflRZk9V_qY,BRI_WILTY_EP62_truth_23,1032,1041,truth,it was a comedy show.
jflRZk9V_qY,BRI_WILTY_EP62_lie_25,1196,1204,deception,one of the things i had to do was to volunteer to stand there and learn. he had the little headpiece on.
jflRZk9V_qY,BRI_WILTY_EP62_lie_27,1250,1259,deception,"in his, in his, what should we call them? talons. talons. he's thought of in the talons and then in the sort of panic the bird sort of, he can't release this wig and he flies."
jflRZk9V_qY,BRI_WILTY_EP62_lie_28,1262,1270,deception,"and he said, i genuinely think the gold chain caught his eye. there was a bit of confusion for a second. and he just did a bit of an emergency landing on a..."
jflRZk9V_qY,BRI_WILTY_EP62_lie_29,1399,1403,deception,"for, well, generally like an hour at a time, but why..."
jflRZk9V_qY,BRI_WILTY_EP62_lie_30,1407,1410,deception,"well yeah, because i would just see him doing it and then i would not..."
4iznh63xL44,BRI_WILTY_EP63_truth_1,119,124,truth,what are their names? their names are anna ford.
4iznh63xL44,BRI_WILTY_EP63_truth_2,167,170,truth,i really have...
4iznh63xL44,BRI_WILTY_EP63_truth_3,208,213,truth,"well, because we actually... well, i'm going to have to say it now. we didn't want a cock."
4iznh63xL44,BRI_WILTY_EP63_truth_4,237,242,truth,"if you've been in the news reading game as i have, henning, it's a bit like you."
4iznh63xL44,BRI_WILTY_EP63_truth_5,251,256,truth,"well, funny you should ask that. selena scott, particularly beautiful with sort of..."
4iznh63xL44,BRI_WILTY_EP63_truth_6,264,267,truth,"well, she's a rather dignified bird and she's a very good..."
4iznh63xL44,BRI_WILTY_EP63_truth_7,315,321,truth,for three weeks i was listed as a missing person by interpol.
4iznh63xL44,BRI_WILTY_EP63_truth_8,327,331,truth,"laughter and a minute and nine, please."
4iznh63xL44,BRI_WILTY_EP63_truth_9,339,343,truth,i was on a bike ride in spain.
4iznh63xL44,BRI_WILTY_EP63_truth_10,386,390,truth,"that was better, more agreeable, bicycling."
4iznh63xL44,BRI_WILTY_EP63_truth_11,396,400,truth,it's because i met that moroccan bloke on the train.
4iznh63xL44,BRI_WILTY_EP63_truth_12,407,411,truth,"i can't quite remember, but it was mohammed or something."
4iznh63xL44,BRI_WILTY_EP63_truth_13,419,427,truth,"i wanted to join him to go to morocco. and then i thought, well, i've never been outside europe. in for penny, in for pound."
4iznh63xL44,BRI_WILTY_EP63_truth_14,442,450,truth,i realised only once i rang my parents once i was back in spain and i rang my parents and for them it was
4iznh63xL44,BRI_WILTY_EP63_truth_15,458,461,truth,"that man, that mohammed, eh..."
4iznh63xL44,BRI_WILTY_EP63_truth_16,483,487,truth,"we left spain, if i remember correctly, from alcaz..."
4iznh63xL44,BRI_WILTY_EP63_truth_17,514,519,truth,i was travelling with...
4iznh63xL44,BRI_WILTY_EP63_truth_19,541,543,truth,and i sent a few postcards.
4iznh63xL44,BRI_WILTY_EP63_truth_20,556,560,truth,"i'm a clever boy. so, ok, with this postcard i can have a lot of fun."
4iznh63xL44,BRI_WILTY_EP63_truth_22,605,610,truth,because he had to collect a suitcase full of books.
4iznh63xL44,BRI_WILTY_EP63_truth_24,665,669,truth,what you want to do is...
4iznh63xL44,BRI_WILTY_EP63_lie_25,771,776,deception,this is andy. he played a handbag snatcher in a crime war.
4iznh63xL44,BRI_WILTY_EP63_truth_26,789,795,truth,this is andy. i beat him in a speed eating competition where i ate more than a kilo of ribs.
4iznh63xL44,BRI_WILTY_EP63_lie_27,799,802,deception,last year he gave me a surfing...
4iznh63xL44,BRI_WILTY_EP63_lie_29,1037,1044,deception,"well, actually that was the reason, because we wouldn't normally have something like a bag snatching on crime watch, because although it's used..."
4iznh63xL44,BRI_WILTY_EP63_lie_30,1073,1081,deception,"they were people who had actually witnessed the crime, who phoned us and said that is the actual guy. he was a very, very, very, very, very, very, very, very, very, very, very, very, very, very, very, very, very, very, very, very, very, very, very, very, very, very, very, very, very, very, very, very, very, very, very, very, very, very, very, very, very, very, very, very, very, very, very, very, very, very, very, very, very, very, very, very, very, very, very, very, very, very, very, very, very, very, very, very, very, very, very, very, very, very, very, very, very, very, very, very, very, very, very, very, very, very, very,"
4iznh63xL44,BRI_WILTY_EP63_truth_31,1322,1325,truth,"it's got to be, that's not a coincidence now, because she seems to be doing..."
MZ_p8qaG08o,BRI_WILTY_EP64_truth_1,125,130,truth,"there was a group of girls sort of wandering around a little bit for long, like, you know..."
MZ_p8qaG08o,BRI_WILTY_EP64_truth_3,160,164,truth,"he asked me, would you do a strip for us?"
MZ_p8qaG08o,BRI_WILTY_EP64_truth_5,273,276,truth,i sort of got to my pants and then...
MZ_p8qaG08o,BRI_WILTY_EP64_truth_6,444,450,truth,so how did you do it? he was drowning and i saved him. i jumped in and i saved him.
MZ_p8qaG08o,BRI_WILTY_EP64_truth_7,470,473,truth,"yeah, we were socialising, we were on the same boat together. hang on."
MZ_p8qaG08o,BRI_WILTY_EP64_truth_9,521,525,truth,"i'm friends with the lady who owns the book. so i'm not friends with he did he, so..."
MZ_p8qaG08o,BRI_WILTY_EP64_lie_10,721,727,deception,this is laura. she fell asleep when she came on the antiques roadshow while an expert was valuing her.
MZ_p8qaG08o,BRI_WILTY_EP64_lie_11,731,737,deception,"this is laura, she owns my local chippy and she said if i got a close look..."
MZ_p8qaG08o,BRI_WILTY_EP64_lie_13,769,772,deception,"built up over time, because i've been going in there and laura says to me..."
MZ_p8qaG08o,BRI_WILTY_EP64_lie_14,800,806,deception,"i sort of stumbled on it if anything, it was sort of en route, because i would normally go to the codfather as you know."
MZ_p8qaG08o,BRI_WILTY_EP64_lie_15,939,942,deception,i don't know how many were in the entire collection but on the table.
MZ_p8qaG08o,BRI_WILTY_EP64_truth_17,1008,1012,truth,"it was sort of, there were a group of people that had gone back to her room after being"
MZ_p8qaG08o,BRI_WILTY_EP64_truth_18,1058,1066,truth,"no, i remember sitting on a sofa and drinking. and then it goes a bit on my memory face."
MZ_p8qaG08o,BRI_WILTY_EP64_truth_19,1081,1086,truth,"i remember i wake up, i'm definitely going to be sick in a minute, and i essentially have enough time."
MZ_p8qaG08o,BRI_WILTY_EP64_truth_20,1099,1105,truth,"the next day, i woke up the next day and felt very hungover and..."
MZ_p8qaG08o,BRI_WILTY_EP64_lie_21,1263,1266,deception,"exactly what type, it's a bit like a capuchin."
Bo6sN8TmAUk,BRI_WILTY_EP65_truth_1,129,135,truth,"this is a show that was sourced in a hotel for bananarama. because i'm italian and, you know, people like my pasta."
Bo6sN8TmAUk,BRI_WILTY_EP65_truth_2,136,141,truth,"what's your favourite banana-rama? they're all my favourite, they're all friends."
Bo6sN8TmAUk,BRI_WILTY_EP65_truth_3,181,185,truth,i was shooting a video.
Bo6sN8TmAUk,BRI_WILTY_EP65_truth_6,261,265,truth,what happened is that i kind of started...
Bo6sN8TmAUk,BRI_WILTY_EP65_truth_7,268,271,truth,"to sarah, i need to get some extra ingredients."
Bo6sN8TmAUk,BRI_WILTY_EP65_lie_8,408,415,deception,"where did the idea come from? well, it first started when we were not in the same physical space. we weren't in the same house."
Bo6sN8TmAUk,BRI_WILTY_EP65_lie_10,444,448,deception,"well, this is kind of personal."
Bo6sN8TmAUk,BRI_WILTY_EP65_lie_12,787,792,deception,"well, we were in london, me and my family, my three young children and my beautiful..."
Bo6sN8TmAUk,BRI_WILTY_EP65_truth_13,923,928,truth,it was a dance routine in which we had many...
Bo6sN8TmAUk,BRI_WILTY_EP65_truth_14,934,940,truth,"it was for this fairs, you know, this kind of country fairs where they have all sort of..."
Bo6sN8TmAUk,BRI_WILTY_EP65_lie_15,990,993,deception,because we were going to a wedding.
Bo6sN8TmAUk,BRI_WILTY_EP65_truth_16,1299,1305,truth,i think this will probably be when i was four.
Bo6sN8TmAUk,BRI_WILTY_EP65_lie_17,1632,1636,deception,"and you said... ok, have your mug. and he said..."
Bo6sN8TmAUk,BRI_WILTY_EP65_lie_18,1648,1651,deception,what is it about pact or we wouldn't talk to you for a week?
JyqdXpgnDNo,BRI_WILTY_EP66_truth_1,110,118,truth,i once licked david bowie's cake just to be close to him.
JyqdXpgnDNo,BRI_WILTY_EP66_truth_2,130,133,truth,"right, so it was the night..."
JyqdXpgnDNo,BRI_WILTY_EP66_truth_4,159,166,truth,"it was a cappuccino bar, cos it was the 80s. so i was working as a waitress in a cappuccino bar."
JyqdXpgnDNo,BRI_WILTY_EP66_truth_5,200,207,truth,massive excitement one day. i'm in the back doing the washing up. the word is spreading like wildfire.
JyqdXpgnDNo,BRI_WILTY_EP66_truth_7,249,258,truth,i'm not going to get to say hello to him because i'm not allowed to go out front and serve the man. so what can i do just to feel that i have entered him?
JyqdXpgnDNo,BRI_WILTY_EP66_truth_8,350,358,truth,"the police once ordered me to leave town, unspecified, because i was frightening the locals."
JyqdXpgnDNo,BRI_WILTY_EP66_lie_10,744,752,deception,"the first time westlife sang on top of the pops, libby walsh made sure we stood up from our stools at the right time by hiding in the crowd and waving a banana."
JyqdXpgnDNo,BRI_WILTY_EP66_lie_12,796,803,deception,"the same words over and over again. yeah, it's like there's a certain point that he wanted us to do it, but like, i think the problem when it was for us is like, oh you know, you're so nervous, you're..."
JyqdXpgnDNo,BRI_WILTY_EP66_truth_13,1416,1424,truth,"when my kids were younger, i designed a special system for remembering which teletubby was which."
JyqdXpgnDNo,BRI_WILTY_EP66_truth_15,1436,1447,truth,"joe, la la, tinky winky and dipsy. and stuart sutcliffe, but he left before ringo."
JyqdXpgnDNo,BRI_WILTY_EP66_truth_16,1457,1460,truth,"yes. er, dipsy isn't here."
JyqdXpgnDNo,BRI_WILTY_EP66_truth_17,1480,1488,truth,"you said you had a system. i have got a system. do you want to know the system? yes. right, poe. yep. i remember as being like a post box."
UOaPxUeJA3I,YW_WILTY_EP70_truth3,124,127,truth,"no, what happened was i was meant to go home on christmas eve but i'm..."
UOaPxUeJA3I,YW_WILTY_EP70_truth4,133,136,truth,"not long actually, ten minutes."
UOaPxUeJA3I,YW_WILTY_EP70_truth8,259,263,truth,"he said that he was fed up with his family, so he took me..."
UOaPxUeJA3I,YW_WILTY_EP70_truth9,271,274,truth,he said that he told his wife he was going out for a pape.
UOaPxUeJA3I,YW_WILTY_EP70_truth10,401,405,truth,i am absolutely repulsed by beards.
UOaPxUeJA3I,YW_WILTY_EP70_truth12,636,641,truth,"to hone my tracking skills, i used to secretly follow joggers."
UOaPxUeJA3I,YW_WILTY_EP70_truth13,682,686,truth,"it can vary. for example, it depends on the jogger."
UOaPxUeJA3I,YW_WILTY_EP70_truth14,758,764,truth,"a muddy puddle, something like that, where there's a clear footprint. but then you try to establish maybe the height of the puddle."
UOaPxUeJA3I,YW_WILTY_EP70_truth15,937,940,truth,lee snog. a woman with blonde hair.
UOaPxUeJA3I,YW_WILTY_EP70_truth16,1010,1016,truth,this is a play on the screen.
UOaPxUeJA3I,YW_WILTY_EP70_lie17,1090,1094,deception,we moved a crisp...
UOaPxUeJA3I,YW_WILTY_EP70_lie18,1129,1134,deception,it would take some time. and it doesn't work in this kind of...
UOaPxUeJA3I,YW_WILTY_EP70_lie19,1183,1187,deception,it happened at a military...
UOaPxUeJA3I,YW_WILTY_EP70_lie20,1195,1199,deception,it was called the musée des...
UOaPxUeJA3I,YW_WILTY_EP70_lie21,1278,1281,deception,it was a german tank. was it?
FCn_xqDKU6w,LS_WILTY_EP72_lie1,149,152,deception,this is a comedy game show.
FCn_xqDKU6w,LS_WILTY_EP72_lie3,243,246,deception,"he kind of went, oh, she wouldn't be able to carry me, and that was a red rag to a ball."
FCn_xqDKU6w,LS_WILTY_EP72_true1,375,380,truth,i'm an older gentleman. they're more like just fingerprints on an abandoned...
FCn_xqDKU6w,LS_WILTY_EP72_true2,395,406,truth,i would probably be 14 or 15. i hope that's all the information you need.
FCn_xqDKU6w,LS_WILTY_EP72_true3,526,532,truth,"laughter and then you'd find one where the curtains were open, yeah? go to the rear of the garden and then..."
FCn_xqDKU6w,LS_WILTY_EP72_true5,616,620,truth,"it was just one of the games that we did, it could be theft and strawberry night."
FCn_xqDKU6w,LS_WILTY_EP72_true6,624,627,truth,and throw that up in the air and just let it drop off.
FCn_xqDKU6w,LS_WILTY_EP72_true7,700,706,truth,this is miller. he presented me with a trophy after i rode two miles down a river on an inf...
FCn_xqDKU6w,LS_WILTY_EP72_lie4,713,717,deception,and i know miller because we often take one of my dogs flying.
FCn_xqDKU6w,LS_WILTY_EP72_true8,771,777,truth,"the river that runs down the side of ben nevis, which is a white water river and it's run on..."
FCn_xqDKU6w,LS_WILTY_EP72_lie6,898,910,deception,"initially i wanted to go, it was an accident the first time. he kept his light aircraft at an airfield and i had taken... i was taking the dog for a walk in a park nearby."
FCn_xqDKU6w,LS_WILTY_EP72_lie8,1015,1018,deception,i was there because my wife wanted to buy a...
FCn_xqDKU6w,LS_WILTY_EP72_lie9,1022,1026,deception,"no, because as you've had occasion to mention, lee, i'm..."
FCn_xqDKU6w,LS_WILTY_EP72_lie10,1034,1041,deception,"well, no, i wasn't. i didn't think this would happen. it's a ridiculous thing to have happened. if you'd told me beforehand, would this happen, i'd say, no, i would never believe it."
FCn_xqDKU6w,LS_WILTY_EP72_lie11,1112,1116,deception,i tiptoed up to him afterwards and asked if he wanted to...
FCn_xqDKU6w,LS_WILTY_EP72_lie12,1457,1462,deception,"and they said, look, you know you're going to lose, you always lose. is there any chance at all we can just have my husband playing as well?"
FCn_xqDKU6w,LS_WILTY_EP72_lie13,1416,1421,deception,"the first day i turned up here, i was made captain. what's the difference?"
FCn_xqDKU6w,LS_WILTY_EP72_lie14,1531,1538,deception,"i would pronounce mick huckanall as mick hucknall. and mick hucknall, i pronounce as mick huckanall."
CHT1ESSpKQU,LS_WILTY_EP73_ true1,111,122,truth,"well, back in the day, when ebay was pretty new, i thought i'd have a little go. and i quite like vintage-y stuff and old clothes."
CHT1ESSpKQU,LS_WILTY_EP73_ true2,141,145,truth,rolling through as you do. and so a lovely...
CHT1ESSpKQU,LS_WILTY_EP73_ true3,227,231,truth,it's a good time to go to bed. leave it. next.
CHT1ESSpKQU,LS_WILTY_EP73_ true5,242,265,truth,"laughter it's quite a jump, isn't it? do you think that's a terrible story? there's some fella... laughter ..whose boat was going down, he says, don't worry, i've got this covered. tried to squeeze a family of five into a vintage handbag. laughter so you emailed the canoe man, saying, instead of the canoe, could i have the clutch handbag that looks like him? and he said, i haven't got a clutch."
CHT1ESSpKQU,LS_WILTY_EP73_ true6,364,369,truth,"no, he didn't. he was a very intense man though and he was also..."
CHT1ESSpKQU,LS_WILTY_EP73_ true7,371,376,truth,"and he was a colleague of ours, sorry. and i overheard him say vegetables. and we both found..."
CHT1ESSpKQU,LS_WILTY_EP73_ true8,438,446,truth,i've been trying to keep fit lately and i know that you're into keep fit. would you recommend for a health...
CHT1ESSpKQU,LS_WILTY_EP73_ true11,537,541,truth,i said to kale and i said to kale.
CHT1ESSpKQU,LS_WILTY_EP73_ true12,544,550,truth,
CHT1ESSpKQU,LS_WILTY_EP73_ true13,591,597,truth,"make sure that all the kids are here. he goes, yes, of course we should. yes. and he turned around and went, is everybody?"
CHT1ESSpKQU,LS_WILTY_EP73_ true14,698,705,truth,"this is mary, a dog, and i had to spend an entire episode of the one show covering up the fact that she'd been..."
CHT1ESSpKQU,LS_WILTY_EP73_ lie1,726,733,deception,"this is mary and when she was pining for her owners, i sat up with her all night and tried to comfort her with a song."
CHT1ESSpKQU,LS_WILTY_EP73_ true16,740,744,truth,she was abandoned. so if... i know you can't believe it.
CHT1ESSpKQU,LS_WILTY_EP73_ true17,788,796,truth,she came to sit on me and then the treats all became a bit much under the light mess.
CHT1ESSpKQU,LS_WILTY_EP73_ lie2,913,920,deception,it was a poem i'd already written that had proved to be very popular at modern weddings.
CHT1ESSpKQU,LS_WILTY_EP73_ lie3,945,952,deception,"yes, sir, mary's owners live next door but one, on the right-hand side of our house."
CHT1ESSpKQU,LS_WILTY_EP73_ lie4,996,1001,deception,"i knew the owners of mary better, but i did know the owners of ty."
CHT1ESSpKQU,LS_WILTY_EP73_ lie5,1014,1018,deception,let's do about one on the left going on.
CHT1ESSpKQU,LS_WILTY_EP73_ lie6,1029,1033,deception,it's a place called...
CHT1ESSpKQU,LS_WILTY_EP73_ lie7,1116,1124,deception,"so this pattern only got worse, the pining got worse and worse. i was breaking my heart, it really was, i'm ruining the show. i was watching. so, it wasn't, it was the one."
CHT1ESSpKQU,LS_WILTY_EP73_ lie8,1155,1165,deception,"you're not going to believe this, but there is a way that you can keep her calm as she calms down. do you by any chance have the song money for nothing by diaspora?"
CHT1ESSpKQU,LS_WILTY_EP73_ lie9,1596,1603,deception,"it was wrong. then i thought, oh my gosh, she might be right. and then another woman came in and then a third woman. but i'm so argumentative, it wasn't until the fourth woman..."
zeY-HNXhvrg,LS_WILTY_EP75_lie1,87,92,deception,"to be honest with you, you know, if i'm on the run, it's gonna be on top for me. it'll be the first place they look."
zeY-HNXhvrg,LS_WILTY_EP75_lie2,185,233,deception,"it's like margate or something like that. laughter get off the plot, you know what i mean? how long could you last on a bag of sand? well, it depends where you are, margate. you can last about ten years, you know what i mean? laughter and how did you bury it? was it under cover of darkness? no, it was in broad daylight. i'm going at night. why did you do it in daylight? well, because it's in... well, i'm giving it away now, so... are you not? i'm really not going to go, daylight. i think i know where it is. i know where it is. it's somewhere outdoors. i'll go and get it. it's in an area of this, you know, it's got no houses around and there's no gaffs about. right, so you buried it in like a forest or something? not a forest, no, no, it'd be too tricky for me to go and find it. in a graveyard? no, not a graveyard. if i get it right, will you?"
zeY-HNXhvrg,LS_WILTY_EP75_lie3,312,316,deception,"that would be stupid, wouldn't it? it's there, no-one's gonna hear it, i know that. it's impossible."
zeY-HNXhvrg,LS_WILTY_EP75_true1,354,362,truth,excuse me. my father fell into the river.
zeY-HNXhvrg,LS_WILTY_EP75_true2,372,376,truth,"excuse me please, my father has fallen in the river."
zeY-HNXhvrg,LS_WILTY_EP75_true3,423,426,truth,he was going off piste and he skied in...
zeY-HNXhvrg,LS_WILTY_EP75_lie4,843,875,deception,this is a story from a british comedy game show. it was a comedy game show. it was a comedy game show. it was a comedy game show. it was a comedy game show. it was a comedy game show. it was a comedy game show. it was a comedy game show. it was a comedy game show. it was a comedy game show. it was a comedy game show. it was a comedy game show. it was a comedy game show. it was a comedy game show. it actually had what you would
zeY-HNXhvrg,LS_WILTY_EP75_lie5,947,953,deception,"yes, yes. actually, i suspect it was killed by my..."
zeY-HNXhvrg,LS_WILTY_EP75_lie6,1335,1338,deception,i was 17 and it was when i was experimenting with being a gothic.
zeY-HNXhvrg,LS_WILTY_EP75_lie7,1369,1372,deception,you're forgetting i was a teenager when i was doing this.
zeY-HNXhvrg,LS_WILTY_EP75_lie8,1383,1391,deception,it's because i'm ludicrously tall and the only tight trousers around stopped sort of
zeY-HNXhvrg,LS_WILTY_EP75_lie9,1411,1419,deception,"well, i would put the marge on and then... interesting thing, in shropshire, running water. i would wash my hands."
xmNBmKCGZXY,LS_WILTY_EP76_true1,138,141,truth,absolutely. for three weeks.
xmNBmKCGZXY,LS_WILTY_EP76_true2,145,149,truth,"it's about suspense, isn't it? christmas is all about suspense."
xmNBmKCGZXY,LS_WILTY_EP76_true4,194,199,truth,"because shortly before that, i'd started doing yoga."
xmNBmKCGZXY,LS_WILTY_EP76_true5,244,248,truth,i actually believe it or not i did use the box instead of the crystal.
xmNBmKCGZXY,LS_WILTY_EP76_lie2,442,445,truth,"well, i would. he'd get up and go and make a cup of tea."
xmNBmKCGZXY,LS_WILTY_EP76_true6,628,631,truth,i just happen to be in the same room as him.
xmNBmKCGZXY,LS_WILTY_EP76_true7,807,816,truth,"i once bought an irish accent mouth spray from him, because i genuinely believed it would give me an irish accent."
xmNBmKCGZXY,LS_WILTY_EP75_lie10,834,839,deception,this is bill. i had to leave my life drawing class.
xmNBmKCGZXY,LS_WILTY_EP76_true8,872,879,truth,"and i hadn't written a decent joke in a long time. and so, well..."
xmNBmKCGZXY,LS_WILTY_EP76_true13,1014,1019,truth,"and then i spray. yeah, ok. and then i'll top off the morning."
xmNBmKCGZXY,LS_WILTY_EP76_lie11,1093,1096,deception,"about, i think it ended up being about six minutes, five or six minutes."
xmNBmKCGZXY,LS_WILTY_EP76_lie13,1257,1261,deception,"no idea. then one day she went, is it an orange? i went, yeah. she went, it's time to move on."
xmNBmKCGZXY,LS_WILTY_EP76_lie14,1322,1344,deception,"the man who sells me sausages. so did he recognise you? was it mutual? well, he just had his eyes fixed forward like he is tonight. but as i passed, he had a look on his face like he was going to say, i'm doing discounts on burgers on saturday. he didn't do it. he's professional. he stopped himself like that. and it was awkward. so i simply got..."
xmNBmKCGZXY,LS_WILTY_EP76_lie16,1603,1611,deception,"to be honest, i'm not like, ah, look at me at all, because i must say, as soon as i get going, it becomes immediately apparent to me that i don't like..."
RLDD_FULL,trial_lie_001,0,17020,deception,"no, sir, i did not. did you help grant kill laura? i absolutely did not. were you present when grant killed laura? no, sir, i was not. did you know that laura had died before you got to texas? no, sir."
RLDD_FULL,trial_lie_003,0,7070,deception,"no sir, i was not not at all."
RLDD_FULL,trial_lie_004,0,11640,deception,he had told me that he had had a dream that he was in a forest and that he had killed laura and that if i didn't help him get rid of her that i was going to be next.
RLDD_FULL,trial_lie_005,0,53450,deception,"and he told me that he was trying to figure some stuff out. and i asked him like what? and he will, i mean i'll never forget it, he was smoking a cigarette and he was like really calm and he looked at me and he said what would you say if i told you laura was dead? and i was like you know i was like what? and basically he told me that the night that laura had come over to the house that she had died and that whenever i left that he just panicked and freaked out. and i got, i started freaking out and i was asking him why he didn't call the cops, call for help like he told me he was going to. and he told me that he got scared that he was a black man with a dead white woman and nobody was going to believe him that it was an accident."
RLDD_FULL,trial_lie_007,0,46810,deception,"we had some drinks at the bar, maybe one, two. did you dance? i got onto the dance floor myself as i explained. i've been a trained dancer for some time, going to be able to dance freely. it's like a release. i'm very much in my own space when i do that. and so i got up and i was dancing alone on the dance floor. did you dance with the defendant? he came to join the dance floor, did not join me necessarily on the dance floor initially, and he was also dancing. and then there was a time where he reached out his hand and as the defense has said, twirled me around and that's it."
RLDD_FULL,trial_lie_008,0,7310,deception,"correct? i didn't go to the dance club as a drinking activity, and nor did i know at the time it was a dance club until we got in there."
RLDD_FULL,trial_lie_009,0,20650,deception,"together. when we got to the hotel, i remember sitting briefly on the balcony of my room, but then that was that. there was no other additional time, if that's what you're asking. so he never spent time in your room? besides what i just explained, no."
RLDD_FULL,trial_lie_010,0,29230,deception,i have no idea. i was at work so i was presumably doing work things. any idea why you would immediately call the defendant after talking to rusty? i'm sure it was...no. i'm sure it was work related. it does seem coincidental but i'm sure that there was something else going on that i had to call him about. i talk to him frequently about work matters.
RLDD_FULL,trial_lie_011,0,33700,deception,"yes, i had just been on a cruise with my husband. we hadn't been on vacation for years, alone, without the children. i had a project i needed to complete, and hemi insisted it had to be completed that day. and so the only way in which to, and it required his input and the only way in which to finish it was to work on it that night."
RLDD_FULL,trial_lie_012,0,7910,deception,"i don't know, maybe 10, 9.30, 10 something around those lines. might even have been slightly later."
RLDD_FULL,trial_lie_013,0,19050,deception,"you were on the way to the table. oh, i don't remember, but evidently i tried to call hemmy probably to tell him i had left the office and that something had happened. which seemed like a very normal thing for me to have done. was to tell my boss that i had left the office and something had happened to my husband."
RLDD_FULL,trial_lie_014,0,15020,deception,"i think when he was choking me, my hands were free, he was over my torso, my arms were free. so i may have tried to push him off or i didn't want to injure him, i just wanted him to get off of me. but that was very quick and it didn't last long."
RLDD_FULL,trial_lie_015,0,35100,deception,"right after the shot occurred, we had fallen over in the bathroom, again toward the sink in garbage can area, kind of in the corner. so he didn't chase me in that moment, but that's where we struggled on the floor. and again, as soon as i broke away and he said, effing kill you, bitch. i don't remember a lot after that. so whether he chased me or not, i couldn't say."
RLDD_FULL,trial_lie_016,0,37600,deception,"well, what i do recall is when i filled the gas cans, rather than have just a loose gas hose somewhere, i didn't have anywhere to put it. so i hung it up, and when i hung it up, that ends the transaction. so that's probably why if i could have put them back in the trunk or wherever and then started the car or vice versa, at one point i didn't want to just set it on the ground. so i hung it up. i know that ended the transaction. so that's probably why there was more than one. and maybe i was topping off the gas tank for an hour."
RLDD_FULL,trial_lie_017,0,45150,deception,"again, it took a long time for me to get to this point. i never wanted to admit to this. and i had written out all my suicide letters. i sent them all in an envelope to my grandmother's. do not open until november 10, 2008. i was hoping to be dead by then. i was giving myself a little time to get my affairs in order. that date rolled by, and then more time rolled by. and i was still here. so with the evolution of just time and the years, couple of years that went by, it was a gradual process and i began to feel not right about keeping it in instead."
RLDD_FULL,trial_lie_018,0,34830,deception,"my attempt to talk to them was to present a better image of our relationship and downplay the negative aspects. it's not really a big deal. it wasn't that bad, that kind of thing. oh yeah, i knew that he did that, but that wasn't a big deal. even our arguments, oh sure, it was, there was turmoil, it was rocky, but we were friends. so my attempt was more to to present a good image of travis and a good image of myself and that our relationship had its ups and downs, but we were still..."
RLDD_FULL,trial_lie_019,0,37100,deception,"well, again, i can't, it happened so fast. i did initially think run, that's why i went down the hallway. and then right as i got to the hallway with the doors being shut, it just seemed like more of an obstacle. it would give him more time to catch up to open the door this way and run around it. and out when this door was an equal distance and open and i could just run that way and into it. so my thought maybe initially was to run out the other door and then around and out. but just something to create more distance because last time i'd run that same route i was not successful in running out of the room."
RLDD_FULL,trial_lie_020,0,12110,deception,"when i sort of came out of the fog, i realized, oh crap, something bad had happened. and i was scared to call any authority at that point."
RLDD_FULL,trial_lie_021,0,18920,deception,"i do recall him screaming and yelling at me. so i don't know if that constitutes his talking, but he was saying words. the other things i don't recall as far as being on all fours. i don't."
RLDD_FULL,trial_lie_022,0,42380,deception,"well, i think that i have a good memory and june 4th is an anomaly for me. it's like i said yesterday, it's in a class of its own and i can't explain why, what kind of state of mind i was in. it was, most of the day was an entire blank and little pieces have come back but not very money. so i can't explain that day alone, but if you were to put that day over here, all the other days of my life, i don't think i have memory issues that are any different from another average person."
RLDD_FULL,trial_lie_023,0,44880,deception,"lying isn't typically something i just do. i'm not going to say that i've never told a lie in my life before this incident, but the lies that i've told in this case can be tied directly back to either protecting travis's reputation or my involvement in his death in any way. because i was very ashamed of the death and also i wanted to edify travis in a good way. i didn't want to de-edify him or say hateful things about him, especially now that he had passed away, and i also didn't want that to be construed as motive, for example, if he was violent with me."
RLDD_FULL,trial_lie_024,0,25430,deception,"so i was experiencing disorientation. i wasn't thinking, gosh, travis just choked me out. i was actually a thought sort of wandered through my mind. i said, where's napoleon in my head? that was my thought. so it didn't really have any relation to the event. that was just a thought. i was kind of getting my bearings. so it's not completely clear. i just remember he had his hands around my neck, and he was banging my head on the carpet. and i tried to push him off, and then i blacked out really shortly."
RLDD_FULL,trial_lie_025,0,30130,deception,"as far as details, every detail, i just sometimes i have a general sense of what's going on and sometimes i don't. but as far as the fog goes, it's more again just words that are being spoken or screamed or yelled and that sort of processing that sort of thing. physical things i can remember because i feel them physically. i can remember what i feel internally and emotionally as well, but it's more the words that are being spoken and their meanings, but it's i do remember what i feel. that makes sense. you"
RLDD_FULL,trial_lie_026,0,28930,deception,"i was... i believed that it's not okay in any circumstance to take someone's life, even if you're defending your own life. that's how i believed it. so i never really stopped to consider how society would view it. if someone is defending themselves, i just felt like i had done something wrong and i was afraid of what the consequences would be."
RLDD_FULL,trial_lie_027,0,27560,deception,"the lunging and the gun going off was sort of contemporaneous. i don't remember how close they were or if they happened exactly at the same moment or one right after the other. it all happened very fast and it all seemed to happen all at once. and i would say as far as distance, maybe as far as mr. babich is, but i couldn't say for sure, for absolute certain."
RLDD_FULL,trial_lie_028,0,25190,deception,"well, it happened very fast. i didn't have time to think. everything just happened, it seemed, in a split second. so, i really don't, i just didn't have time to think. move this way or that way or back up or do this or that. it just happened the way it happened without really thinking about the best move to make."
RLDD_FULL,trial_lie_030,0,37800,deception,"in a sense that's correct. i remember that, dropping the knife and screaming and that memory came much later. i'm sorry. can i have a start? overruled. overruled. may continue. but it goes blank after that. i don't remember putting the gun in the car. i don't remember putting the rope in the car, but i have not crystal clear, but pretty solid memories of disposing of those things. so they did go in the car, obviously, but i don't remember placing them in the car."
RLDD_FULL,trial_lie_031,0,26730,deception,"well, i do know that we struggled that day. and i mean, based on logic, it would have been because of how we fought. i don't know how things ended up, where they ended up. i just know that we were fighting physically."
RLDD_FULL,trial_lie_032,0,27960,deception,"he said he was hungry, get something. there was a pizza receipt sitting there. i called and ordered. when the pizza man came, it was right after tim had been over. and when tim was over, the guy that had just stopped me was standing behind that partially open door tim talked about with a gun."
RLDD_FULL,trial_lie_033,0,45000,deception,"i knew it. get them kids back there. don't want to look at you. i got a gun up there. get them kids back there. they'll play a little bit. but get them back there. what if they come in and shot the boy? what are they going to say then? well, i could have. look at all them rounds i had. i wanted to kill someone i could have. i wasn't trying to kill nobody. they weren't no hostages. those folks scared. you seen the man, he made him testify. them folk going to jail, they don't come in and say nothing on me. i ain't just mad at him, because i can understand you. they scared. and it should have to be like that, but people like that make them like it. you see, he make taron lumpkin, he was practically begging, man, you're going to make me testify to him. made him do it."
RLDD_FULL,trial_lie_034,0,30000,deception,"he pushed me and i was up in his face. definitely in his face. did i have to call the police? i'm sorry, go ahead. he pushed me. i don't know if he did it on purpose, but he scratched my neck. and as he scratched my neck, i had a rag, t-shirt on anyway because i had to take care of my animal. and he tore my shirt. and ma'am, uh..."
RLDD_FULL,trial_lie_035,0,35000,deception,"i want to say this prosecutor, i can't see your face but i wish i could. you disgust me, the dorsey family disgust me. because how dare you say that didn't happen to my son. you weren't there. y'all was never there. you were the absentee people. always. so the dorsey family, down to the mother, to the father, to everybody. i hope y'all live y'all life well without seeing my child gabrielle blair. you lived well without seeing them throughout their whole life, so live well now. but you ain't got nothing to say to me for what i did for my child. period."
RLDD_FULL,trial_lie_036,0,39010,deception,"for now the brother and sister and their children, i know he was a fun loving uncle and i'm sad that you can't continue to experience something like this. i can't...there is absolutely no way to explain... ...it makes sense in this situation. and i'm truly sorry for that."
RLDD_FULL,trial_lie_038,0,23000,deception,"i was trying to say something but i couldn't talk. i tried to push him off of me but he was too strong. all i could think about was my kids telling me, no mommy, don't go, don't go. sustained, i'll just direct the witness to answer the question that we've been asked."
RLDD_FULL,trial_lie_039,0,30000,deception,"you knew where kea hanks lived too, didn't you? i didn't really know her too well. i only saw her a couple of times. you knew where she lived, didn't you? not really, no. i wasn't placing her face with her address. she lived right next door, separated by one wall, and you didn't know it? no, i didn't talk to anybody. i just left. i would go to school and come home. and you had another dancer that you danced with that lived in that apartment complex, too, didn't you? oh no."
RLDD_FULL,trial_lie_040,0,24000,deception,"yes, he said he did. he told me to take care of my wounds as necessary. a scratch on your face. isn't that what he said? a minor little scrape? no, he said there were several wounds. he advised me to take tylenol when i get to jail and asked him for something to put on my face."
RLDD_FULL,trial_lie_041,0,26000,deception,we've withheld the evidence in this very important case that we want to try and get to the truth and to the bottom of. do you have a legal right though to retain that material because it's not a criminal investigation? well who says it's not a criminal investigation? it's an investigation that is undetermined at this time and we're just not prepared to make any assertions as to what the outcome is going to be until it's a full and thorough investigation. the man who took the video is paul.
RLDD_FULL,trial_lie_042,0,24000,deception,"after robert czakanski died. they found the man in the secure area with his luggage cart and chairs set around him. they tried to do the same thing, communicate with him. chairs went flying. he grabbed the computer off a desk and threw that. they just weren't getting through to this guy and the violence again escalating."
RLDD_FULL,trial_lie_043,0,14070,deception,it didn't have an instantaneous effect and mr. joukanski still had the stapler in his hand. and he had not gone down. the problem is joukanski did. just because i was mistaken doesn't mean i was lying. i did the best job i could at the time. but none of the.
RLDD_FULL,trial_lie_044,0,9010,deception,none of us were out there dealing with three people who were just involved in a shooting of another three individuals out in the street corner.
RLDD_FULL,trial_lie_045,0,19020,deception,we do not know about how quote responsible chl holders are because that data set is not available and is completely locked down. any statements about how quote responsible and law abiding chl are chls are is completely anecdotal and therefore conjecture.
RLDD_FULL,trial_lie_046,0,33030,deception,"the first time i remember mr. miller, he was having kind of like an argument with the officers as we were moving the people out of the area towards the street so that they could block the sidewalk. and he was being very aggressive with the officers. we didn't understand why. we just needed everybody to follow orders. we just wanted everybody's safety. i mean, we just have to give him the orders to step down to the street."
RLDD_FULL,trial_lie_047,0,16020,deception,"did he identify himself to you as a member of the media? no, not at any time. did he have any conversations with you? he called me some names but that wasn't really a conversation. it wasn't a two-part conversation."
RLDD_FULL,trial_lie_048,0,48010,deception,"well he used the f word several times. okay names. he called you names. okay well i'm sorry let me rephrase that. he may mention the f word towards me several times. specifically, you can say it. it's a court of limitations. judge, badgering the witness, she obviously isn't comfortable saying a swear word. it's not necessarily irrelevant to embarrassing. she's the witness said that mr. miller's called her name. so i want to know specifically what makes you call her. she said he used the f word. so specifically names that were called for her. i want to know. sure the jurors know what the f word means. if you don't mind. this is not coming from you. this is coming from someone."
RLDD_FULL,trial_lie_050,0,25000,deception,"how did he hit you? what it said. okay, and where was he hitting on your body? i'm not sure. he just kept hitting me on the spot. okay. i guess my head's not as strong as i'd like to believe it. so you never, you didn't tell anybody? no, i went to the doctor and... how long after? it was four days after. okay, because of the headache? he finally went back to work."
RLDD_FULL,trial_lie_051,0,7000,deception,a different story.
RLDD_FULL,trial_lie_053,0,36000,deception,"these are barrel or a stick, but sir, they're like, we're going to kill you. dunn says he grabbed a 9mm from his glove box, fired four shots, and then walked outside his car firing another four bullets as the suv tried to back away. high school senior jordan davis, just 17, and in the back seat, was killed. his three teenage friends survived. um, at a loss to justify what i did on the second volley. other than to say, i thought they were shooting, going to be shooting back."
RLDD_FULL,trial_lie_054,0,20000,deception,"do i believe the evidence that supports domestic violence? yes. no. i think bias is an incorrect word mr. martinez. no, that is the correct word. isn't it true that you are biased in favor of the defendant? yes or no? i don't believe i'm biased."
RLDD_FULL,trial_truth_001,0,14250,truth,"reforming the criminal justice system matters to me because in order for the law to have legitimacy and for people to respect the law, they need to believe that the law treats everyone equally and fairly."
RLDD_FULL,trial_truth_002,0,20620,truth,"all of us who have represented people for years in the system get letters from prisoners and their families. you know, this person is improperly convicted, you need to do something about it, but it's no one else's job to do it other than the innocence project. and they do it, they do it marvelously."
RLDD_FULL,trial_truth_003,0,12780,truth,"but yes, i was there. and you stayed? yep, i stayed. did you have adjoining rooms at that trip in greenville? uh, yep, probably, yes, yes."
RLDD_FULL,trial_truth_006,0,30630,truth,"what did they tell you? really didn't tell me anything. they said there has been an accident. i'm sorry, just speak up a little please. they said there had been an accident, that ian was fine, but there had been an accident. and the accident specifically was directed to rusty? or did they tell you? they didn't really tell me. and then i screamed into the phone asking what was going on. and i, they just said you need to come here. so i dropped the phone and ran out of my office."
RLDD_FULL,trial_truth_007,0,71640,truth,"so, i have no idea. a police officer i presume. you'd have to ask my mother or my brother. did they tell you where rusty was? nope. they said they didn't know where he was being taken. so did you go to the house? yep. went to the house. i was in a fairly catatonic state. my dad and my brother started making phone calls to all the local hospitals. and they eventually got a hold of, i don't know, whatever the hospital is, atlanta medical center. yes ma'am. and they wouldn't tell my dad anything but that he was being taken there. so we got in the car and we left. to go to atlanta medical center? that's correct. okay. was ian still at the daycare when you left? yes, he was. i had, i, that was instructed that that was the best idea was to keep him at the daycare. who instructed you that? the donna, the woman that runs the daycare. and you left him there? yep. that's the safest place for him to be."
RLDD_FULL,trial_truth_008,0,45650,truth,"i mean, the only time, i mean she was fine. she was laughing about simple little things just like any other person. she was, i never once felt there was anything wrong about the day. i felt like socially the first time i ever saw her in a crowd. i thought she was much more comfortable one on one. that was the first time i noticed she was a little awkward in social areas. and it seemed like she didn't talk very much to some other people. and some other people would talk about that a little bit, but it just wasn't the jodi i knew, because one-on-one she was very talkative and insightful and very different. so it seemed like in social situations she was a bit more inhibited and shy. yeah, a little shyer, yeah."
RLDD_FULL,trial_truth_010,0,73010,truth,"at this point in time of this convention in oklahoma city and it was april 2008 is that what that was your recollection or thereabouts? yes did you know a man by the name of travis alexander, yes, i knew who he was i didn't know him personally. okay, so could you kind of? describe that for us what you mean by that. yeah, i am maybe three months in the business was struggling not doing so well. i was even thinking about quitting and then at some point travis alexander was flown into town as a guest speaker for salt lake city market and i attended that a training and i was inspired by him it kind of changed my business around and that was my only encounter with him personally. okay, and so i just i kept going and did much better after that? okay now you also mentioned that sometime subsequent to this initial meeting with miss areas by the way was mr. alexander there when the two of you were speaking that during that initial session i don't know i don't remember him so probably not okay"
RLDD_FULL,trial_truth_011,0,42640,truth,"i mean sure i was interested in getting to know her better and possibly dating her, yeah. okay. so what do you remember about that conversation? i mean just other than it was pleasant. we talked about the same kind of books that we'd like to read. i mean atlas shroud, think and grow rich, how to win friends and influence people. and she kind of had just had a lot of the same interests. she was very good conversationalist on the phone. she, we just had a lot in common. when i initially met her, i mean, she's a business woman at a national convention entrepreneur, so i thought that was an attractive trait. okay. just, yeah, just all those kinds of things that sounded like somebody i wanted to get to know. okay."
RLDD_FULL,trial_truth_013,0,29430,truth,do you know which girl she was referring to? no idea. okay. do you know the period of time that we're talking about when she found this out? i was under the assumption it was a long time ago. i didn't know if it was six months ago or two years ago. i really didn't know and again i didn't i didn't try to pry too much in that relationship. i didn't feel like that was just in what yeah i didn't i didn't know how long ago it was.
RLDD_FULL,trial_truth_014,0,13650,truth,from conversations from jody telling me that he had talked to other girls even when they were supposed to be together. that might have been what i meant.
RLDD_FULL,trial_truth_016,0,7520,truth,"three friends of the deceased who were standing right next to him testified and said, this is not the guy who shot our best friend."
RLDD_FULL,trial_truth_017,0,4520,truth,i'm going to go forward with this because i know i had nothing to do with this crime.
RLDD_FULL,trial_truth_018,0,6960,truth,a conversation from a british comedy game show.
RLDD_FULL,trial_truth_019,0,13000,truth,"served 12 years in the texas prison on a life sentence before i was exonerated through dna evidence and through the real perpetrators, real murders, confession."
RLDD_FULL,trial_truth_021,0,10920,truth,"to me, it's hard to swallow because i know i hadn't done anything and i wasn't a sexual predator."
RLDD_FULL,trial_truth_022,0,28530,truth,"my name is marvin l. anderson. i was born in hanover, virginia. in 1982 i went to trial and was convicted of two counts of rape, robbery, robbery and abduction. i was sentenced to a total sentence of 210 years. i spent 15 years in prison and five years on parole before before i was exonerated in 2001."
RLDD_FULL,trial_truth_023,0,23400,truth,"i was convicted the following year and sentenced to 40 years in prison. this last year, july 6th, i was exonerated after serving 22 years by dna evidence with the help of the innocence project who was able to locate the evidence in my case, have it tested, and the test proved that i hadn't committed the crime that i was sentenced for."
RLDD_FULL,trial_truth_025,0,35520,truth,"if these corrections aren't made in our system, it's going to happen to someone that you know. trust me, it's going to happen. and i don't want anyone to go through what i or my family had to go through. because we went through hell and back. and nobody in this country should have to suffer like that. and i'll do my best to make sure that that's not going to happen to anyone else."
RLDD_FULL,trial_truth_026,0,32030,truth,"i'm not a coward. you get what i'm saying? all i know is this. my son is 8 years old right now. he's going to forget a lot about me. when he looks back at all this media coverage from these bottom feeders, i don't want him to see that i stood here like a coward. i did what i did and i did what i did for my baby. period. he's going to see me standing up taking my responsibility. i will happily do life in prison for my child. that's period. so i don't understand what other paperwork is going to do."
RLDD_FULL,trial_truth_027,0,25000,truth,"it was wonderful. i mean, i came from ukraine. i've always dreamed of a family like the macneels when i was first adopted. my mom was just wonderful. it was exactly what i dreamed of. just perfect. i mean, i did. i took ballet. i went to school. i had a wonderful family. it was perfect."
RLDD_FULL,trial_truth_028,0,18000,truth,"it was a while back, but i believe i did. i asked, i had asked about the battery. it would take time for the battery to charge. it wouldn't be able to be used out of the box. so by that time, that's when i asked if she would, like one nuts corded."
RLDD_FULL,trial_truth_029,0,23000,truth,"did something unusual happen after five o'clock in the morning? yes, i was in my kitchen getting ready, the light was on, i heard a little beep to the back of a garbage can and then turned and somebody was ringing the doorbell with blood dripping down out of their head and screaming, we've been shot. you say somebody, was it a man or woman?"
RLDD_FULL,trial_truth_030,0,55000,truth,"i started the investigation similarly how i start all my investigations. i have what's called a primary briefing where all of my assisting detectives and criminal statistics detectives, the scientific portion of the investigation, as well as members of the command staff once everyone's present and all the representatives there from omi, the district attorney's office. get everybody together. in this particular incident there were so many of us. we did it inside the garage of alexander thxton's house. he was not present for any of the briefings but he allowed us to use his garage. and that's what started off the investigation is i was briefed up on some officers that were there on scene just so i could get a lay of the land, figure out kind of a summary of what happened."
RLDD_FULL,trial_truth_031,0,18000,truth,"well, yeah, we saw there was a man on the ground naked and bleeding from the back of his head. and by that time i was trying to call 911. and they were transferring me or something. i was like, don't transfer me, don't transfer me. you did call 911. yes, i did."
RLDD_FULL,trial_truth_032,0,37000,truth,"and she told me she was. did you ever see any blood on her person? i did when i finally, it was still dark, so i finally shot my flashlight at her. because she had mentioned she had been shot in the head. and i could tell that her hair was soaked in blood. now earlier i asked you if you were the first person there and you said you were. did other units eventually arrive to assist you? at least one other officer arrived with me on butterfly creek. and then once we figured out that the actual incident happened on bernardino, the rest of the officers went to that residence."
RLDD_FULL,trial_truth_033,0,17000,truth,"she was two black males standing at the door in what looked like just t-shirts and basketball shorts. okay, and so they're the ones at the door. yes. what happens then? they pull out two pistols in her brother's face and tell us to get back in the house and get the fuck on the ground."
RLDD_FULL,trial_truth_034,0,31000,truth,"it was a comedy game show. it was a comedy game show. it was a comedy game show. it was a comedy game show. it was a comedy game show. it was a comedy game show. it was a comedy game show. it was a comedy game show. it was a comedy game show. it was a comedy game show. it was a comedy game show. it was a comedy game show. it was a comedy game show. it was a comedy game show. and we didn't say anything, we said no"
RLDD_FULL,trial_truth_035,0,30000,truth,"and that's when one of them had pointed the gun towards my face and just said, step back, this isn't a game, get on the ground. let me ask you, what differences did you notice about the two of them? or how would you describe or distinguish between the two of them? the facial features and the hair. okay, just describe the hair for me. the cornrows, that's what bernard had. i remember the cornrows and the slashes and bestman's eyebrows. okay."
RLDD_FULL,trial_truth_037,0,21960,truth,"there were several investigators on the scene and once we were there executing the warrant, the search warrant, we took rooms in the house and i actually took the room to the right as you walk out of the living room, which was jonathan's room. and when you're talking about john, who are you referring to?"
RLDD_FULL,trial_truth_038,0,18960,truth,"next thing i remember is both of them coming into the house, pulling the guns out of their waistband and telling all of us to get on the effing floor. now you said you saw them. how many people did you see? just two. nolan and..."
RLDD_FULL,trial_truth_039,0,32000,truth,"during the interview, matthew hood stated that jamie hood called him and asked him to pick him up at mcdonald's. he did so. jamie hood was, i believe, with his parents at the time at mcdonald's. matthew and jamie hood left. jamie asked matthew to take him to his cousin javaris' house to change clothes. matthew said that he did not know why."
RLDD_FULL,trial_truth_040,0,30960,truth,"um, well, i remember her shot after that. you know, getting under the vehicle and fellow. that's when it's beautiful. jerry johnson. i heard him come up. did you hear him make statements to you at all?"
RLDD_FULL,trial_truth_041,0,34000,truth,what do you mean? made sure my body armor had the recording devices on it.
RLDD_FULL,trial_truth_042,0,30000,truth,"you saw him turning. from my recollection, as i saw him pull out the two knives and then they go back, i'm going down and all i can see is basically from my vantage point is his feet is just turning to what appears to be possibly to the east. so you saw him turning and then you heard the shots, right? at that point i was just looking at his feet so i'm assuming he was turning and went down to the ground. and that's before this."
RLDD_FULL,trial_truth_043,0,22000,truth,"other tactical officers that were already at the scene were deployed on the inner perimeter already. again, officer perdue had already deployed in a high ground position. and so the next two that walked up, officer perez, officer ramon arnelas walked up and i was going to send both of those individuals up to where officer weinberg-skirtz was requesting additional members."
RLDD_FULL,trial_truth_045,0,33000,truth,"my daughter and nicole have been friends for a long time at ravenscroft. they were both lifers for the class of 2005. and i had actually taught nicole sophomore english. and nicole and megan had been in the band together for i think from like seventh grade to tenth grade. and no, excuse me, basketball from seventh to tenth. and then in the band together from fourth through twelfth."
RLDD_FULL,trial_truth_046,0,37000,truth,"they were at the taller table there in the walkway. we were, of course they and i were all over the place, running around taking pictures inside the house, outside, capturing as much as possible. and they kind of stopped me and started talking to me. and the two girls and the two guys that had been drinking were trying to say stuff to me and a lot of it didn't make sense. they were telling me how many, they were amazed how many pictures we were taking and all this stuff, but most of what they said was not really understandable."
RLDD_FULL,trial_truth_047,0,26000,truth,"i asked him instinctively, so you're not going to drive anywhere, right? and i said, are you just going to stay here, or is someone going to pick you up? and he said yes. i have a personal connection with that because my grandfather was killed by a drunk driver, so whenever it comes to anyone that's intoxicated that you know could have the possibility of driving, i was just like, you are not going to go anywhere? and so i had a moment of making sure that he was going to stay in the vicinity. so i asked him and he said yes."
RLDD_FULL,trial_truth_048,0,26000,truth,what type of damage to the roadway did you notice?
RLDD_FULL,trial_truth_049,0,30000,truth,"a, she felt very safe there. b, angela the great aunt was very committed to her well being. and c, she needs stability, permanency, and safety in order to be able to heal and recover. and it was clear just in the time that gabby had spent at angeles that she was receiving that from her aunt and her uncle."
RLDD_FULL,trial_truth_051,0,29030,truth,"i woke up to a lot of pain and a lot of pressure and the sound of somebody moaning and quickly realized it was bo. and then i just shut my eyes and laid there. and that wasn't, i don't even think, a decision i consciously made. and i waited until he was done and he got up and he literally picked up a blanket, threw it on me."
RLDD_FULL,trial_truth_052,0,29000,truth,"five of the items were first taken through the serology process because they needed to determine what type of dna is present. the reason being is if sperm cells are identified, we have to take them through a process where we then, we call it a differential separation, where we are trying to separate the sperm cells from all of the epithelial cells."
RLDD_FULL,trial_truth_054,0,24020,truth,"a psychologist once explained to me that society has this need to persecute people. they get some sort of gratification from it, so there might be something going on there. besides that, i don't really... it's so convoluted that we could talk for hours on that, but... it just is what it is."
